dataset,task,class,feature,coefficient_mean,coefficient_sd,fold_selection_frequency,n_fold_models,seed_selection_frequency,bootstrap_coefficient_mean,bootstrap_coefficient_sd,ci_low,ci_high,n_bootstrap_fits,bootstrap_selection_frequency,direction,bootstrap_ci_direction,abs_coef
BC-Jackson2020,clinical_type,HR+HER2+,Tumor (CK7+),-1.0630363783931662,0.194526318952327,1.0,15,1.0,-1.0099228928044752,0.5279369466692535,-2.221807054592545,-0.1605150766279659,3000,0.9933333333333332,negative,negative,1.0630363783931662
BC-Jackson2020,clinical_type,HR+HER2+,Stroma (SMA hi Vimentin hi),-0.5691063463919063,0.3012293159271806,1.0,15,1.0,-0.6196553848622264,0.6273721524439794,-2.26423204938262,0.0,3000,0.8946666666666667,negative,crosses zero,0.5691063463919063
BC-Jackson2020,clinical_type,HR+HER2+,Tumor (Hypoxic),-0.5433676827123703,1.0677011998101478,0.8,15,1.0,-0.9557863647405412,1.3538404321186808,-4.557647593001404,0.2506636301654282,3000,0.8676666666666667,negative,crosses zero,0.5433676827123703
BC-Jackson2020,clinical_type,HR+HER2+,Tumor (CK+ HR hi),0.373225809330605,0.2012155789619399,1.0,15,1.0,0.2792625986794171,0.4496675304381302,-0.6575234190478234,1.0227069891354987,3000,0.8026666666666666,positive,crosses zero,0.373225809330605
BC-Jackson2020,clinical_type,HR+HER2+,Stroma (Small elongated),0.3061436879743848,0.1575096262875484,1.0,15,1.0,0.3687692527828248,0.343750348567656,-0.0946534193501581,1.170787016223764,3000,0.9243333333333332,positive,crosses zero,0.3061436879743848
BC-Jackson2020,clinical_type,HR+HER2-,Tumor (CK+ HR lo),0.7927478640245166,0.7450358911027869,1.0,15,1.0,1.160074034601141,1.0389655209659914,0.0438454891409371,4.074771809958933,3000,0.986,positive,positive,0.7927478640245166
BC-Jackson2020,clinical_type,HR+HER2-,Tumor (CK+ HR hi),0.7906598278327127,0.1079842905589271,1.0,15,1.0,0.8096729935622224,0.4485742431994576,0.1857279792640461,2.051388042367189,3000,0.9936666666666668,positive,positive,0.7906598278327127
BC-Jackson2020,clinical_type,HR+HER2-,Tumor (CK7+),0.3395427502482671,0.2369317184841401,1.0,15,1.0,0.2990950364345779,0.3318001554949857,-0.0001544969535341,1.216967204112929,3000,0.896,positive,crosses zero,0.3395427502482671
BC-Jackson2020,clinical_type,HR+HER2-,Tumor (CK7+ CK hi Ecadh hi),0.3334044316414185,0.1184590874980672,1.0,15,1.0,0.4102721445192945,0.3947044121111234,0.0,1.5934569399330574,3000,0.9333333333333332,positive,crosses zero,0.3334044316414185
BC-Jackson2020,clinical_type,HR+HER2-,Tumor (CK lo HR hi p53+),0.2488942554007999,0.0807250068454677,1.0,15,1.0,0.2684654665280266,0.2796825979367469,-6.547419456717044e-08,1.0473329766525068,3000,0.9633333333333334,positive,crosses zero,0.2488942554007999
BC-Jackson2020,clinical_type,HR-HER2+,Tumor (CK+ HR lo),-2.814356139701476,1.1151057639465076,1.0,15,1.0,-2.382100348616343,1.8526083786834264,-6.864795322439645,0.0,3000,0.9316666666666666,negative,crosses zero,2.814356139701476
BC-Jackson2020,clinical_type,HR-HER2+,Tumor (CK7+),0.9906636681564442,0.3337387279780577,1.0,15,1.0,1.1743028766303896,0.4647752880999131,0.4934820900592584,2.2900554308189203,3000,0.999,positive,positive,0.9906636681564442
BC-Jackson2020,clinical_type,HR-HER2+,Tumor (CK+ HR hi),-0.8860828992666058,0.3021194105721236,1.0,15,1.0,-0.726280261012651,0.6527526805548057,-2.2387009555408444,0.0,3000,0.8626666666666667,negative,crosses zero,0.8860828992666058
BC-Jackson2020,clinical_type,HR-HER2+,Tumor (CK7+ CK hi Ecadh hi),-0.4061684725710063,0.1437233523699211,1.0,15,1.0,-0.3167234113760283,0.3539301158882434,-1.1998955854851616,0.0,3000,0.781,negative,crosses zero,0.4061684725710063
BC-Jackson2020,clinical_type,HR-HER2+,Tumor (Hypoxic),0.3267254439707517,0.0824033885767693,1.0,15,1.0,0.4729738232921865,0.3465304348329472,-0.0131324793301293,1.247346131168725,3000,0.9373333333333334,positive,crosses zero,0.3267254439707517
BC-Jackson2020,clinical_type,TripleNeg,Tumor (p53+ EGFR+),1.1335084186520237,0.4509989186388146,1.0,15,1.0,1.3248477057999897,1.0046030999986266,0.1920809221743026,3.948540375834487,3000,0.996,positive,positive,1.1335084186520237
BC-Jackson2020,clinical_type,TripleNeg,Tumor (CK lo HR lo),-1.0307974431948914,0.5641464237289363,1.0,15,1.0,-1.2538527013040517,1.122048050550302,-4.333628154988241,-0.0320439220880785,3000,0.9886666666666668,negative,negative,1.0307974431948914
BC-Jackson2020,clinical_type,TripleNeg,Tumor (Proliferative),0.3878706790046563,0.1127931400767849,1.0,15,1.0,0.4508113080493512,0.3694806932824273,0.0,1.3617407560333488,3000,0.9773333333333334,positive,crosses zero,0.3878706790046563
BC-Jackson2020,clinical_type,TripleNeg,Tumor (Apoptotic),0.3129386401673716,0.0832531488710876,1.0,15,1.0,0.3702599975998833,0.2841301980508607,-0.0038536992303752,1.05020390780518,3000,0.97,positive,crosses zero,0.3129386401673716
BC-Jackson2020,clinical_type,TripleNeg,Tumor (CK+ HR hi),-0.2755872090394259,0.2390001707560289,1.0,15,1.0,-0.3429839383757206,0.421931636741238,-1.3145042532553528,0.1514628658016827,3000,0.81,negative,crosses zero,0.2755872090394259
BC-Jackson2020,response,1,T & B cells,-0.6061429575495492,0.2844677838263205,1.0,15,1.0,-0.5950452813899526,0.5075514410988541,-1.9420248952452377,0.0,3000,0.9726666666666668,negative,crosses zero,0.6061429575495492
BC-Jackson2020,response,1,Tumor (Apoptotic),0.4957590935407138,0.1880504558886153,1.0,15,1.0,0.4782638199969056,0.4255707275954423,-0.2594079564497801,1.4742098528078686,3000,0.956,positive,crosses zero,0.4957590935407138
BC-Jackson2020,response,1,Tumor (Hypoxic),-0.485525003436381,0.4567951253663934,1.0,15,1.0,-0.6677064825333144,0.6388012422227572,-2.309231608241734,0.0,3000,0.9376666666666666,negative,crosses zero,0.485525003436381
BC-Jackson2020,response,1,Stroma (Fibronectin hi),-0.4473517448402356,0.1089565622853217,1.0,15,1.0,-0.5237450543901853,0.3290542271582432,-1.2452924603152524,0.0,3000,0.9703333333333334,negative,crosses zero,0.4473517448402356
BC-Jackson2020,response,1,Stroma (Large elongated),-0.3803139931060545,0.066529092951697,1.0,15,1.0,-0.458870367999817,0.2830026100339586,-1.1436096025953173,-0.0078406286277581,3000,0.9863333333333332,negative,negative,0.3803139931060545
BC-METABRIC-Ali2020,ER_status,1,HR- Ki67+,-3.5752455686122318,0.6999204450127933,1.0,15,1.0,-3.859749770118905,1.5842834618639388,-7.445767356927071,-1.4105198098995475,3000,1.0,negative,negative,3.5752455686122318
BC-METABRIC-Ali2020,ER_status,1,HR+ CK7-,1.0849341151290526,0.3158457707229469,1.0,15,1.0,1.267910603662487,1.109159291664117,0.0,4.426224170573642,3000,0.9583333333333334,positive,crosses zero,1.0849341151290526
BC-METABRIC-Ali2020,ER_status,1,HR- CK7+,-0.7332771355889859,0.1298236217306231,1.0,15,1.0,-0.8301061447296632,0.256468515685129,-1.3769912869939298,-0.3452849213195776,3000,0.9996666666666668,negative,negative,0.7332771355889859
BC-METABRIC-Ali2020,ER_status,1,HR- CKlow CK5+,0.500248802757056,0.2332446468647551,1.0,15,1.0,0.5965341699746667,0.538898925609499,-0.1288936550439084,1.87573695058194,3000,0.9233333333333332,positive,crosses zero,0.500248802757056
BC-METABRIC-Ali2020,ER_status,1,Hypoxia,-0.4643531732790468,0.1233113792954951,1.0,15,1.0,-0.4891746731610211,0.2822739329981061,-1.070786481885193,0.0,3000,0.9616666666666668,negative,crosses zero,0.4643531732790468
CRC-Schurch2020,CLR_DII,1,B cells,1.0670069063919467,0.5194407983844823,1.0,15,1.0,1.0289642871773497,0.7232882164323541,0.0,2.679244921349473,3000,0.9306666666666666,positive,crosses zero,1.0670069063919467
CRC-Schurch2020,CLR_DII,1,adipocytes,0.7467435420521095,0.6220606832665057,1.0,15,1.0,0.7009763378747719,0.6484275581622031,0.0,2.384584997956384,3000,0.931,positive,crosses zero,0.7467435420521095
CRC-Schurch2020,CLR_DII,1,lymphatics,-0.6983493620036065,0.3517787900029372,0.9333333333333332,15,1.0,-0.6788854844741466,0.7322530124841488,-2.2055113652460374,0.6641433599523018,3000,0.9433333333333334,negative,crosses zero,0.6983493620036065
CRC-Schurch2020,CLR_DII,1,granulocytes,-0.6300308446772895,0.3093402542955427,1.0,15,1.0,-0.7609179091272702,0.7213721922378055,-2.6127255997334355,0.0959562079283717,3000,0.905,negative,crosses zero,0.6300308446772895
CRC-Schurch2020,CLR_DII,1,CD4+ T cells,0.4101048300381105,0.4442379809768081,0.8666666666666667,15,1.0,0.5118522883259585,0.6626283311716884,0.0,2.286857976715715,3000,0.66,positive,crosses zero,0.4101048300381105
CRC-Wu2022,primary_outcome,1,Tumor 1,0.2977319765018593,0.1075203351059259,1.0,15,1.0,0.3171157855345754,0.2994203257019091,-0.2048334689453942,0.961119840167608,3000,0.9093333333333332,positive,crosses zero,0.2977319765018593
CRC-Wu2022,primary_outcome,1,Stroma,0.289615779038637,0.1354156779398419,1.0,15,1.0,0.3397594097157978,0.3424977408772157,-0.2013483395193679,1.0969691663871717,3000,0.859,positive,crosses zero,0.289615779038637
CRC-Wu2022,primary_outcome,1,CD4 T cell,-0.2556557334487822,0.1598347031252,0.9333333333333332,15,1.0,-0.3248796851835479,0.384161602488099,-1.193785138985853,0.2814240897360681,3000,0.889,negative,crosses zero,0.2556557334487822
CRC-Wu2022,primary_outcome,1,Blood vessel,-0.2223023438908038,0.1292643462875776,0.9333333333333332,15,1.0,-0.2564075552450368,0.2933474923443233,-0.8795991693379241,0.2946668430221613,3000,0.908,negative,crosses zero,0.2223023438908038
CRC-Wu2022,primary_outcome,1,Tumor 2 (Ki67 Proliferating),-0.2070303766089527,0.1369567110384535,0.9333333333333332,15,1.0,-0.2460720657952867,0.3248135080697231,-0.9944558319306852,0.2741195471950954,3000,0.8343333333333334,negative,crosses zero,0.2070303766089527
HNC-Wu2022,hpv_status,1,Tumor (Ki67+),0.6528006262446432,0.2807703349710569,1.0,15,1.0,0.7691848268155019,0.4669783438349062,0.0,1.7818057522069215,3000,0.9653333333333334,positive,crosses zero,0.6528006262446432
HNC-Wu2022,hpv_status,1,Macrophage,-0.6016669169265856,0.1799142747779501,1.0,15,1.0,-0.6293944506948559,0.3787771069481096,-1.4229790209626456,0.0,3000,0.974,negative,crosses zero,0.6016669169265856
HNC-Wu2022,hpv_status,1,Tumor (CD21+),-0.4731155837815822,0.2235163507728739,1.0,15,1.0,-0.5166045557698973,0.4007780384791339,-1.408219705719571,0.0466735580817091,3000,0.926,negative,crosses zero,0.4731155837815822
HNC-Wu2022,hpv_status,1,Granulocyte,-0.4646183614342368,0.1651551830730494,0.9333333333333332,15,1.0,-0.4897386886014305,0.3547661137601261,-1.2497297755785477,0.0682543901910326,3000,0.9616666666666668,negative,crosses zero,0.4646183614342368
HNC-Wu2022,hpv_status,1,CD8 T cell,0.3369233111522989,0.2173346157194579,1.0,15,1.0,0.3613957776599457,0.4231601692694546,-0.3249785165040927,1.3043691293493846,3000,0.8893333333333333,positive,crosses zero,0.3369233111522989
HNC-Wu2022,primary_outcome,1,APC,0.6965976709811074,0.176693019943051,1.0,15,1.0,0.8643515864844626,0.5508534634484495,0.0668649743456023,2.2239879523448423,3000,0.9893333333333332,positive,positive,0.6965976709811074
HNC-Wu2022,primary_outcome,1,Tumor (CD21+),-0.5414218233346788,0.1526319956574719,1.0,15,1.0,-0.5802782684370773,0.3440497814761109,-1.3193899662516757,0.0,3000,0.973,negative,crosses zero,0.5414218233346788
HNC-Wu2022,primary_outcome,1,Macrophage,-0.3967913483377281,0.1959920231513346,1.0,15,1.0,-0.4256827484608488,0.3685165783350662,-1.2412175809376018,0.1791336963022847,3000,0.9386666666666666,negative,crosses zero,0.3967913483377281
HNC-Wu2022,primary_outcome,1,Stromal / Fibroblast,-0.3910272640388221,0.1922594116236957,1.0,15,1.0,-0.4158416987505745,0.4213598069343999,-1.320958493066769,0.2962879664459608,3000,0.904,negative,crosses zero,0.3910272640388221
HNC-Wu2022,primary_outcome,1,Tumor,-0.3239725015306344,0.1163191520383184,1.0,15,1.0,-0.3045365683779539,0.2928361380541901,-0.944842510162154,0.1382817533194988,3000,0.8776666666666667,negative,crosses zero,0.3239725015306344
LUAD-Sorin2023,progression,1,Treg,-0.3476836692713022,0.1669058637601649,1.0,15,1.0,-0.4699537567526067,0.3717786320548791,-1.3248214612384774,0.1070381262910923,3000,0.9736666666666668,negative,crosses zero,0.3476836692713022
LUAD-Sorin2023,progression,1,Non-Cl Mo,0.3389251777905198,0.0983822860082824,1.0,15,1.0,0.3878562382911786,0.2579002834849594,-0.0378197232147294,0.9166097894817354,3000,0.9816666666666668,positive,crosses zero,0.3389251777905198
LUAD-Sorin2023,progression,1,Tc,0.2774439614024271,0.0648850769982719,1.0,15,1.0,0.2970929377254113,0.2522844673054348,-0.1695420689903725,0.807549934156196,3000,0.962,positive,crosses zero,0.2774439614024271
LUAD-Sorin2023,progression,1,Cl MAC,-0.1765742951353844,0.0729844851071399,1.0,15,1.0,-0.2056287327670175,0.195658862592849,-0.6126291151797293,0.1374221938424284,3000,0.9373333333333334,negative,crosses zero,0.1765742951353844
LUAD-Sorin2023,progression,1,Int Mo,-0.1684562988418531,0.1682113318107259,0.8666666666666667,15,1.0,-0.2199541805605604,0.3753326514321308,-1.0549742271604,0.4209438764642054,3000,0.9386666666666666,negative,crosses zero,0.1684562988418531
NSCLC-Aung2025,immunotherapy_response,1,Granulocytes,-0.7246020008173589,0.3306931915997972,1.0,15,1.0,-0.9979194480852208,0.9261131482928872,-3.3463382334351874,0.0,2992,0.8161764705882353,negative,crosses zero,0.7246020008173589
NSCLC-Aung2025,immunotherapy_response,1,DCs,0.5309719234909915,0.5033383201047786,0.6666666666666666,15,1.0,0.3797401682699521,0.5280882674641207,0.0,1.74158702598013,2992,0.518048128342246,positive,crosses zero,0.5309719234909915
NSCLC-Aung2025,immunotherapy_response,1,Tumour,-0.4008807089413563,0.3334320282484063,0.7333333333333333,15,1.0,-0.3953515436849359,0.5544363106823619,-1.7889486112231354,0.0,2992,0.5431149732620321,negative,crosses zero,0.4008807089413563
NSCLC-Aung2025,immunotherapy_response,1,B_Cells,-0.3977297074846114,0.5142253068335161,0.8,15,1.0,-0.4141231282411954,0.6909213420277954,-2.0604364845396046,0.5835274140406355,2992,0.5598262032085561,negative,crosses zero,0.3977297074846114
NSCLC-Aung2025,immunotherapy_response,1,Unidentified,-0.2924554034604177,0.2618774315891318,0.8666666666666667,15,1.0,-0.2320814722442698,0.4967996320075041,-1.3482462400709672,0.6849631096758791,2992,0.5317513368983957,negative,crosses zero,0.2924554034604177
NSCLC-GNN-Hoebel2026,stage_binary,1,FOXP3+,0.4727141232370808,0.0539579713961129,1.0,15,1.0,0.4839586877414755,0.1398241908137052,0.2181804470403997,0.7661534564326696,3000,1.0,positive,positive,0.4727141232370808
NSCLC-GNN-Hoebel2026,stage_binary,1,PD-1- CD8+,-0.4345207822306666,0.0627499366972706,1.0,15,1.0,-0.4559431423598844,0.161046858790152,-0.8014331655423739,-0.1727177939046554,3000,1.0,negative,negative,0.4345207822306666
NSCLC-GNN-Hoebel2026,stage_binary,1,Unspecified,-0.3419933243436912,0.0484169262329534,1.0,15,1.0,-0.340933884501752,0.1247780725413458,-0.5836494727543632,-0.1047971540126709,3000,0.996,negative,negative,0.3419933243436912
NSCLC-GNN-Hoebel2026,stage_binary,1,PD-L1+ tumor,0.2658883697293724,0.0541601030561277,1.0,15,1.0,0.2798819742049729,0.1379451469865419,0.0230715563230811,0.5679781638871583,3000,0.9846666666666668,positive,positive,0.2658883697293724
NSCLC-GNN-Hoebel2026,stage_binary,1,PD-1+ (CD8-),-0.2448822164021941,0.0514794693833208,1.0,15,1.0,-0.2641375304594331,0.1313396976589553,-0.5253781301789269,-0.0251304664814701,3000,0.9973333333333332,negative,negative,0.2448822164021941
NSCLC-ICI-Monkman2024,immunotherapy_response,1,Proliferating Lymphocytes,1.0852061078735935,0.2958123528453436,1.0,15,1.0,0.7611561121407909,0.6470530536306036,0.0,2.073565106587845,3000,0.7616666666666667,positive,crosses zero,1.0852061078735935
NSCLC-ICI-Monkman2024,immunotherapy_response,1,Stroma,1.0322905303064065,0.2259315362167739,1.0,15,1.0,0.6919865929255109,0.6345231058870814,0.0,2.054071404088117,3000,0.722,positive,crosses zero,1.0322905303064065
NSCLC-ICI-Monkman2024,immunotherapy_response,1,Treg,-0.563496214991829,0.3426429913598505,1.0,15,1.0,-0.5173799157368617,0.6102344027252707,-1.978933952564472,0.0,3000,0.6233333333333333,negative,crosses zero,0.563496214991829
NSCLC-ICI-Monkman2024,immunotherapy_response,1,Lymphatics,-0.4109773378525337,0.210657931790562,1.0,15,1.0,-0.3623075008419354,0.5317831322608425,-1.7396480325722017,0.0,3000,0.526,negative,crosses zero,0.4109773378525337
NSCLC-ICI-Monkman2024,immunotherapy_response,1,HLADR Tumour,0.372919035972906,0.2631583707757348,0.9333333333333332,15,1.0,0.3701446038383024,0.5425813746150939,-0.6370936580007098,1.579756398343462,3000,0.6906666666666667,positive,crosses zero,0.372919035972906
TNBC-Wang2023,pCR_all,1,panCK^{med},-0.4980347082255341,0.1335367341643431,1.0,15,1.0,-0.5530556164590041,0.2813927229544716,-1.180552742849124,-0.092495419355918,3000,0.9976666666666668,negative,negative,0.4980347082255341
TNBC-Wang2023,pCR_all,1,TCF1^{+},-0.4351554054396556,0.1239498287356336,1.0,15,1.0,-0.561352206830897,0.3894663555974152,-1.4904713727469312,-0.0551503209708397,3000,0.9976666666666668,negative,negative,0.4351554054396556
TNBC-Wang2023,pCR_all,1,CA9^+,-0.3105469763523737,0.1114965956504602,1.0,15,1.0,-0.3543044307532027,0.3470932462217073,-1.246604887522428,0.0865135670578699,3000,0.9656666666666668,negative,crosses zero,0.3105469763523737
TNBC-Wang2023,pCR_all,1,CD8^+PD1^+T_{Ex},-0.296604321269436,0.0845148910124364,1.0,15,1.0,-0.325046217674532,0.2299926220495258,-0.8333500108719998,0.0691025043572873,3000,0.9826666666666668,negative,crosses zero,0.296604321269436
TNBC-Wang2023,pCR_all,1,Endothelial,-0.2824947067895021,0.1109352764996134,1.0,15,1.0,-0.3019232955960614,0.1998713148334625,-0.713032908000705,0.0455770832051155,3000,0.981,negative,crosses zero,0.2824947067895021
TNBC-Wang2023,pCR_arm_C,1,TCF1^{+},-0.6062248642774161,0.4025349914856488,1.0,15,1.0,-0.9264548859781816,0.748390745111509,-2.8949784715316897,-0.0020615912644446,3000,0.9886666666666668,negative,negative,0.6062248642774161
TNBC-Wang2023,pCR_arm_C,1,CD8^+PD1^+T_{Ex},-0.3937892469879525,0.1224113548255786,1.0,15,1.0,-0.4343253278546927,0.4197101608788357,-1.363618578421881,0.277903514263347,3000,0.9353333333333332,negative,crosses zero,0.3937892469879525
TNBC-Wang2023,pCR_arm_C,1,DCs,0.3582451046026734,0.1062844234619235,1.0,15,1.0,0.4284636822876684,0.3056957863458002,-0.0670348883142171,1.082919326945959,3000,0.963,positive,crosses zero,0.3582451046026734
TNBC-Wang2023,pCR_arm_C,1,PD-L1^+APCs,0.3550807693623049,0.1564358008173363,1.0,15,1.0,0.4954631174078696,0.4982941006871255,-0.1828211263017418,1.7421134842894477,3000,0.922,positive,crosses zero,0.3550807693623049
TNBC-Wang2023,pCR_arm_C,1,Myofibroblasts,0.3413219823381412,0.2883594553302726,1.0,15,1.0,0.4765740419389815,0.6131535202323422,-0.5590841483961304,1.8212331525731096,3000,0.9396666666666668,positive,crosses zero,0.3413219823381412
TNBC-Wang2023,pCR_arm_CI,1,panCK^{med},-1.0249771695652818,0.1494790526356985,1.0,15,1.0,-1.279511580787812,0.6884957023414191,-2.911653471833234,-0.2489757051398051,3000,0.9986666666666668,negative,negative,1.0249771695652818
TNBC-Wang2023,pCR_arm_CI,1,CK^{hi}GATA3^{+},-0.985737383724034,0.3557726585128306,1.0,15,1.0,-1.0117515486330655,0.6957246710522833,-2.640550297256783,-0.0067663062796441,3000,0.9803333333333332,negative,negative,0.985737383724034
TNBC-Wang2023,pCR_arm_CI,1,TCF1^{+},-0.4470749009284142,0.2872520510280502,1.0,15,1.0,-0.6009660620066681,0.6267204274785996,-2.1935207355233475,0.2210840269890371,3000,0.9633333333333334,negative,crosses zero,0.4470749009284142
TNBC-Wang2023,pCR_arm_CI,1,CK8/18^{med},0.4367231805576923,0.1263445249406449,1.0,15,1.0,0.5836347008170034,0.4458207541276684,-0.1292274389890819,1.5601611787247218,3000,0.9823333333333332,positive,crosses zero,0.4367231805576923
TNBC-Wang2023,pCR_arm_CI,1,M2 Mac,-0.3407457137906068,0.1416013042741336,1.0,15,1.0,-0.4252888561152674,0.385299228453144,-1.34070667789828,0.123080506977407,3000,0.9473333333333334,negative,crosses zero,0.3407457137906068
