dataset,task,scheme,model,class,feature,mean_abs_shap,sd_abs_shap,mean_shap,value_shap_spearman,top_fold_frequency,n_fold_models,n_explained_regions,direction_consistency,direction
bc_jackson2020,DFS,cv,cox,risk,expression__Vimentin,0.1966463306925517,0.0371211010848014,-0.0008578033849769,1.0,1.0,15,1128,1.0,higher value increases prediction
bc_jackson2020,DFS,cv,cox,risk,expression__Ecadherin,0.1640588676727905,0.0316998513803972,-0.0002389231562939,-1.0,1.0,15,1128,1.0,higher value decreases prediction
bc_jackson2020,DFS,cv,cox,risk,expression__c-erbB-2 - Her2,0.1548492142809966,0.03758695445971,-0.000795238944466,1.0,1.0,15,1128,1.0,higher value increases prediction
bc_jackson2020,DFS,cv,cox,risk,composition__Tumor (CK7+),0.1283454876579984,0.0253201461056849,-0.0007324132516551,-1.0,1.0,15,1128,1.0,higher value decreases prediction
bc_jackson2020,DFS,cv,cox,risk,expression__c-Myc,0.0954992607770768,0.042071713015329,0.0029299251861066,1.0,0.8,15,1128,1.0,higher value increases prediction
bc_jackson2020,OS,cv,cox,risk,expression__Vimentin,0.1907041411742274,0.0336383910040625,0.0004090919026587,1.0,1.0,15,1128,1.0,higher value increases prediction
bc_jackson2020,OS,cv,cox,risk,expression__c-erbB-2 - Her2,0.1877261034024805,0.0310873588649203,0.0006246140375529,1.0,1.0,15,1128,1.0,higher value increases prediction
bc_jackson2020,OS,cv,cox,risk,expression__vWF,0.1481173048781475,0.0362885490432599,-0.0034528145448647,-1.0,1.0,15,1128,1.0,higher value decreases prediction
bc_jackson2020,OS,cv,cox,risk,expression__Ecadherin,0.1404953674139467,0.0491538405370349,0.0016498997483011,-1.0,0.9333333333333332,15,1128,1.0,higher value decreases prediction
bc_jackson2020,OS,cv,cox,risk,expression__Twist,0.109346521538658,0.0311068289355255,-0.0003530459890807,-1.0,0.9333333333333332,15,1128,1.0,higher value decreases prediction
bc_metabric_ali2020,DSS,cv,cox,risk,composition__HR- CK7+,0.110788293791852,0.0282726818359999,0.0018852960552031,1.0,1.0,15,1596,1.0,higher value increases prediction
bc_metabric_ali2020,DSS,cv,cox,risk,expression__panCK,0.1097960584545357,0.0265151380738209,0.0001740186670336,-1.0,1.0,15,1596,1.0,higher value decreases prediction
bc_metabric_ali2020,DSS,cv,cox,risk,expression__PR,0.1093673450949303,0.0244955944809082,-0.0003565983005194,-1.0,1.0,15,1596,1.0,higher value decreases prediction
bc_metabric_ali2020,DSS,cv,cox,risk,expression__Ki67,0.1043810538542422,0.0331317704139263,0.0024203476136526,1.0,1.0,15,1596,1.0,higher value increases prediction
bc_metabric_ali2020,DSS,cv,cox,risk,composition__Fibroblasts,0.1031264733398227,0.020032697868625,0.0007460823102833,-1.0,1.0,15,1596,1.0,higher value decreases prediction
bc_metabric_ali2020,OS,cv,cox,risk,composition__HR- CK7+,0.1367441105265996,0.0123998968377054,-0.00072238086049,1.0,1.0,15,1596,1.0,higher value increases prediction
bc_metabric_ali2020,OS,cv,cox,risk,expression__Erk1_2,0.1259897212928876,0.0227132538957281,-0.0002228669876484,-1.0,1.0,15,1596,1.0,higher value decreases prediction
bc_metabric_ali2020,OS,cv,cox,risk,composition__Fibroblasts,0.120144589642305,0.0284954703560867,0.0003585165252724,-1.0,1.0,15,1596,1.0,higher value decreases prediction
bc_metabric_ali2020,OS,cv,cox,risk,expression__PR,0.1164173966082566,0.0278735938182844,-0.0015523997799697,-1.0,1.0,15,1596,1.0,higher value decreases prediction
bc_metabric_ali2020,OS,cv,cox,risk,expression__c_Myc,0.1065365261788725,0.0302479111089495,0.0006963980050975,1.0,1.0,15,1596,1.0,higher value increases prediction
crc_schurch2020,DFS,cv,cox,risk,expression__CD194,0.2281694663960521,0.0918419932338166,0.0072692652118627,0.9999999999999998,0.9333333333333332,15,420,1.0,higher value increases prediction
crc_schurch2020,DFS,cv,cox,risk,expression__CD34,0.2163149672943975,0.0387597965484842,0.0008673353920532,-0.9999999999999998,0.9333333333333332,15,420,1.0,higher value decreases prediction
crc_schurch2020,DFS,cv,cox,risk,expression__CD138,0.2095493312212717,0.0758170488184642,-0.0047508896759838,-0.9999999999999998,0.8666666666666667,15,420,1.0,higher value decreases prediction
crc_schurch2020,DFS,cv,cox,risk,expression__CD45RO,0.1927293730576466,0.0723829328406729,0.0083019611670757,0.9999999999999998,0.8,15,420,1.0,higher value increases prediction
crc_schurch2020,DFS,cv,cox,risk,composition__vasculature,0.1866538269413753,0.0745421171287239,-0.0017253426945605,-0.9999999999999998,0.8,15,420,1.0,higher value decreases prediction
crc_schurch2020,OS,cv,cox,risk,expression__CD15,0.3365004847580151,0.1423935975763749,-0.0012811003293222,-0.9999999999999998,0.9333333333333332,15,420,1.0,higher value decreases prediction
crc_schurch2020,OS,cv,cox,risk,expression__Na-K-ATPase,0.2448958590510677,0.125412741639975,0.012138393238369,0.9999999999999998,0.8666666666666667,15,420,1.0,higher value increases prediction
crc_schurch2020,OS,cv,cox,risk,expression__BCL-2,0.2322216049405071,0.0837293103011637,0.0029090434274676,-0.9999999999999998,0.7333333333333333,15,420,1.0,higher value decreases prediction
crc_schurch2020,OS,cv,cox,risk,expression__CD71,0.2252782952933033,0.0888930158523359,0.000453265920459,-0.9999999999999998,0.6666666666666666,15,420,1.0,higher value decreases prediction
crc_schurch2020,OS,cv,cox,risk,expression__LAG-3,0.1966802628070865,0.0645788607205313,-0.0025407430213161,0.9999999999999998,0.7333333333333333,15,420,1.0,higher value increases prediction
crc_wu2022,DFS,cv,cox,risk,expression__CD15,0.2166592547046408,0.0622597272253914,0.0033893501055272,1.0,1.0,15,810,1.0,higher value increases prediction
crc_wu2022,DFS,cv,cox,risk,expression__Siglec8,0.1273252058620502,0.0571026131066862,-0.0030802768540553,-1.0,0.8666666666666667,15,810,1.0,higher value decreases prediction
crc_wu2022,DFS,cv,cox,risk,expression__CD68,0.1267274065082351,0.0271130099479628,0.0014685182536256,1.0,0.9333333333333332,15,810,1.0,higher value increases prediction
crc_wu2022,DFS,cv,cox,risk,composition__Tumor 7,0.1202892724096175,0.038863703169099,-0.0037877705990697,-1.0,0.9333333333333332,15,810,1.0,higher value decreases prediction
crc_wu2022,DFS,cv,cox,risk,composition__Stroma,0.1193546112953724,0.0335329523271943,0.0013856885478132,1.0,0.8666666666666667,15,810,1.0,higher value increases prediction
hnc_wu2022,OS,cv,cox,risk,composition__APC,0.2290562542097962,0.0841481572606135,-0.0103284652545115,-1.0,1.0,15,924,1.0,higher value decreases prediction
hnc_wu2022,OS,cv,cox,risk,expression__CD45RO,0.2098876631668428,0.0387684227587712,-5.713788192787626e-05,-1.0,1.0,15,924,1.0,higher value decreases prediction
hnc_wu2022,OS,cv,cox,risk,composition__Macrophage,0.1670015946162709,0.05119762373945,-0.0003679043592665,1.0,1.0,15,924,1.0,higher value increases prediction
hnc_wu2022,OS,cv,cox,risk,composition__Tumor (CD21+),0.1307796296470406,0.0432276036419506,0.0017656341143895,1.0,0.9333333333333332,15,924,1.0,higher value increases prediction
hnc_wu2022,OS,cv,cox,risk,expression__CD45,0.1266708340496664,0.0451057492356226,-0.0013403439149561,1.0,0.8666666666666667,15,924,1.0,higher value increases prediction
luad_sorin2023,OS,cv,cox,risk,expression__FoxP3,0.0952559063585202,0.0305790623492298,0.0003441568829435,1.0,0.9333333333333332,15,1248,1.0,higher value increases prediction
luad_sorin2023,OS,cv,cox,risk,composition__Int Mo,0.0875774151536509,0.0287330162646048,0.0004989025730213,1.0,1.0,15,1248,1.0,higher value increases prediction
luad_sorin2023,OS,cv,cox,risk,expression__TTF1,0.087542041064028,0.0321588172556379,-0.0015990094310772,-1.0,1.0,15,1248,1.0,higher value decreases prediction
luad_sorin2023,OS,cv,cox,risk,composition__T other,0.0810193045299918,0.010121184447339,-0.0005647979164722,1.0,1.0,15,1248,1.0,higher value increases prediction
luad_sorin2023,OS,cv,cox,risk,expression__CD68,0.0779581145059204,0.0212861071689725,5.802331712005006e-05,1.0,1.0,15,1248,1.0,higher value increases prediction
nsclc_aung2025,PFS,cv,cox,risk,composition__Granulocytes,0.4906208935293331,1.1566215855384967,0.2789897411814294,1.0,0.3333333333333333,15,96,1.0,higher value increases prediction
nsclc_aung2025,PFS,cv,cox,risk,expression__HK1,0.4144664771477257,0.165376159425254,0.036327879039634,1.0,1.0,15,96,1.0,higher value increases prediction
nsclc_aung2025,PFS,cv,cox,risk,expression__Vimentin,0.4012802498692737,0.1551168237373513,0.0135342009683289,-1.0,0.9333333333333332,15,96,1.0,higher value decreases prediction
nsclc_aung2025,PFS,cv,cox,risk,composition__Vessels,0.3241271138759706,0.2371092638532624,-0.0381258764125274,-1.0,0.7333333333333333,15,96,1.0,higher value decreases prediction
nsclc_aung2025,PFS,cv,cox,risk,composition__M2_mac,0.3231579814449498,0.4914823845405894,-0.1123620701272892,-1.0,0.3333333333333333,15,96,1.0,higher value decreases prediction
nsclc_gnn_hoebel2026,OS,cv,cox,risk,composition__PD-1+ (CD8-),0.119261762435254,0.0215167079957318,-0.0004258259763753,-1.0,1.0,15,3000,1.0,higher value decreases prediction
nsclc_gnn_hoebel2026,OS,cv,cox,risk,composition__PD-1- CD8+,0.1103350560224088,0.026811696702088,0.0029558216246079,-1.0,1.0,15,3000,1.0,higher value decreases prediction
nsclc_gnn_hoebel2026,OS,cv,cox,risk,expression__FOXP3,0.1000495641125863,0.0094998736228288,-0.0027309315263854,1.0,1.0,15,3000,1.0,higher value increases prediction
nsclc_gnn_hoebel2026,OS,cv,cox,risk,expression__CD8,0.0838928313208275,0.0187998501121778,0.0022055627442808,-1.0,1.0,15,3000,1.0,higher value decreases prediction
nsclc_gnn_hoebel2026,OS,cv,cox,risk,composition__FOXP3+,0.0786776725748961,0.0081820987035199,-0.0016391245544238,1.0,1.0,15,3000,1.0,higher value increases prediction
nsclc_ici_monkman2024,OS,cv,cox,risk,expression__CD68,0.3826039906646155,0.2075554103047993,0.0292206691400769,1.0,1.0,15,108,1.0,higher value increases prediction
nsclc_ici_monkman2024,OS,cv,cox,risk,expression__CD107a,0.3748261788430491,0.1393904968428005,0.0080470239380621,1.0,1.0,15,108,1.0,higher value increases prediction
nsclc_ici_monkman2024,OS,cv,cox,risk,expression__CD15,0.2640746568542154,0.2006094449896229,0.0268052317518841,1.0,0.9333333333333332,15,108,1.0,higher value increases prediction
nsclc_ici_monkman2024,OS,cv,cox,risk,composition__HLADR Tumour,0.1987106435139748,0.0774702136454199,0.0025231361977769,-1.0,0.9333333333333332,15,108,1.0,higher value decreases prediction
nsclc_ici_monkman2024,OS,cv,cox,risk,expression__CD163,0.1757025795160899,0.0778216260329486,0.0153415346092892,-1.0,0.7333333333333333,15,108,1.0,higher value decreases prediction
