method,dataset,task,kind,raw_passed,protocol_passed,verdict,dataset_controls_ok,mean_auc,frac_auc_passed,frac_loc_passed,frac_faith_passed,mean_loc_enrichment,mean_delta_lerf_morf,native_verdict,loc_verdict,faith_verdict,combo,explainer
mil_composition_attention,bc_jackson2020,motif_apc_t_contact,spatial,False,False,fail_spatial,True,0.6019790325846818,0.5333333333333333,0.0,0.5333333333333333,0.4235407822944579,0.1658307074216551,faithful_but_wrong_place,abundance_only_or_fail,pass_spatial,composition,attention
mil_composition_attention,bc_jackson2020,motif_cd8_tumor_contact,spatial,False,False,fail_spatial,True,0.8130867774847903,1.0,0.1333333333333333,0.0,1.204726983945301,-0.2355950649798409,abundance_only_or_fail,abundance_only_or_fail,unfaithful_or_fail,composition,attention
mil_composition_attention,bc_jackson2020,motif_macrophage_tumor_niche,spatial,False,False,fail_spatial,True,0.6987163123917506,1.0,0.7333333333333333,0.0,1.9543672750306076,-0.2427450316812132,looks_biological_unfaithful,pass_spatial,unfaithful_or_fail,composition,attention
mil_composition_attention,bc_jackson2020,motif_t_tumor_mixing,spatial,False,False,fail_spatial,True,0.8012024834949976,1.0,0.0666666666666666,0.0,1.1126684334891914,-0.2428411218619602,abundance_only_or_fail,abundance_only_or_fail,unfaithful_or_fail,composition,attention
mil_composition_attention,bc_jackson2020,motif_tumor_high,control,True,True,pass_control,True,0.9710136187037276,1.0,1.0,1.0,1.7408026447203462,0.1744074145601412,pass_control,pass_control,pass_control,composition,attention
mil_composition_attention,bc_metabric_ali2020,motif_interface_immune,spatial,False,False,fail_control_block,False,0.5730730164126139,0.3333333333333333,0.0666666666666666,0.3333333333333333,1.2034499302137205,0.1778191231690373,abundance_only_or_fail,abundance_only_or_fail,unfaithful_or_fail,composition,attention
mil_composition_attention,bc_metabric_ali2020,motif_tumor_stroma_mixing,spatial,False,False,fail_control_block,False,0.7660506554651324,1.0,0.0666666666666666,0.0,1.4740993486828735,-0.2430955112385268,abundance_only_or_fail,abundance_only_or_fail,unfaithful_or_fail,composition,attention
mil_composition_attention,hnc_wu2022,motif_cd8_clustering,spatial,True,True,pass_spatial,True,0.8950886314152133,1.0,1.0,1.0,5.144839708618645,0.3641989912818422,pass_spatial,pass_spatial,pass_spatial,composition,attention
mil_composition_attention,hnc_wu2022,motif_immune_exclusion,spatial,True,True,pass_spatial,True,0.8824999635348029,1.0,0.9333333333333332,1.0,2.170710882529057,0.3273278892024838,pass_spatial,pass_spatial,pass_spatial,composition,attention
mil_composition_attention,tnbc_wang2023,motif_cd8_high,control,True,True,pass_control,True,0.964788278879704,1.0,0.8,0.9333333333333332,1.770796078177116,0.1562408446721348,pass_control,pass_control,pass_control,composition,attention
mil_composition_ig,bc_jackson2020,motif_apc_t_contact,spatial,False,False,fail_spatial,True,0.6019790325846818,0.5333333333333333,0.0,0.5333333333333333,0.6043046358962301,0.2481846955209021,faithful_but_wrong_place,abundance_only_or_fail,pass_spatial,composition,ig
mil_composition_ig,bc_jackson2020,motif_cd8_tumor_contact,spatial,True,True,pass_spatial,True,0.8130867774847903,1.0,0.7333333333333333,1.0,1.5849176363652575,0.3379909204677101,pass_spatial,pass_spatial,pass_spatial,composition,ig
mil_composition_ig,bc_jackson2020,motif_macrophage_tumor_niche,spatial,True,True,pass_spatial,True,0.6987163123917506,1.0,1.0,1.0,2.089725750570058,0.3165559948868965,pass_spatial,pass_spatial,pass_spatial,composition,ig
mil_composition_ig,bc_jackson2020,motif_t_tumor_mixing,spatial,True,True,pass_spatial,True,0.8012024834949976,1.0,0.6666666666666666,1.0,1.5510140679031843,0.33628412032009,pass_spatial,pass_spatial,pass_spatial,composition,ig
mil_composition_ig,bc_jackson2020,motif_tumor_high,control,True,True,pass_control,True,0.9710136187037276,1.0,1.0,1.0,2.8172580222538923,0.446276684588449,pass_control,pass_control,pass_control,composition,ig
mil_composition_ig,bc_metabric_ali2020,motif_interface_immune,spatial,False,False,fail_control_block,False,0.5730730164126139,0.3333333333333333,0.0,0.3333333333333333,1.2181801888440886,0.354432416809796,abundance_only_or_fail,abundance_only_or_fail,unfaithful_or_fail,composition,ig
mil_composition_ig,bc_metabric_ali2020,motif_tumor_stroma_mixing,spatial,False,False,fail_control_block,False,0.7660506554651324,1.0,0.4666666666666667,1.0,1.571695774553025,0.3361492317096838,faithful_but_wrong_place,abundance_only_or_fail,pass_spatial,composition,ig
mil_composition_ig,hnc_wu2022,motif_cd8_clustering,spatial,True,True,pass_spatial,True,0.8950886314152133,1.0,1.0,1.0,4.758504645762516,0.4158900373130693,pass_spatial,pass_spatial,pass_spatial,composition,ig
mil_composition_ig,hnc_wu2022,motif_immune_exclusion,spatial,True,True,pass_spatial,True,0.8824999635348029,1.0,1.0,1.0,2.6588296303116974,0.5657936258435285,pass_spatial,pass_spatial,pass_spatial,composition,ig
mil_composition_ig,tnbc_wang2023,motif_cd8_high,control,True,True,pass_control,True,0.964788278879704,1.0,1.0,1.0,2.223478281779402,0.3169835451066983,pass_control,pass_control,pass_control,composition,ig
mil_composition_one_removed,bc_jackson2020,motif_apc_t_contact,spatial,False,False,fail_spatial,True,0.6019790325846818,0.5333333333333333,0.0,0.5333333333333333,0.6709615486620641,0.2151069925987702,faithful_but_wrong_place,abundance_only_or_fail,pass_spatial,composition,one_removed
mil_composition_one_removed,bc_jackson2020,motif_cd8_tumor_contact,spatial,True,True,pass_spatial,True,0.8130867774847903,1.0,0.5333333333333333,1.0,1.3837698528360032,0.2753430252300212,pass_spatial,pass_spatial,pass_spatial,composition,one_removed
mil_composition_one_removed,bc_jackson2020,motif_macrophage_tumor_niche,spatial,True,True,pass_spatial,True,0.6987163123917506,1.0,0.9333333333333332,1.0,2.2676391117632275,0.270578209797406,pass_spatial,pass_spatial,pass_spatial,composition,one_removed
mil_composition_one_removed,bc_jackson2020,motif_t_tumor_mixing,spatial,False,False,fail_spatial,True,0.8012024834949976,1.0,0.3333333333333333,1.0,1.2964069597882302,0.2765256587409092,faithful_but_wrong_place,abundance_only_or_fail,pass_spatial,composition,one_removed
mil_composition_one_removed,bc_jackson2020,motif_tumor_high,control,True,True,pass_control,True,0.9710136187037276,1.0,1.0,1.0,2.719493277634937,0.4008490956537359,pass_control,pass_control,pass_control,composition,one_removed
mil_composition_one_removed,bc_metabric_ali2020,motif_interface_immune,spatial,False,False,fail_control_block,False,0.5730730164126139,0.3333333333333333,0.0,0.3333333333333333,1.1851700418821434,0.3163753874075087,abundance_only_or_fail,abundance_only_or_fail,unfaithful_or_fail,composition,one_removed
mil_composition_one_removed,bc_metabric_ali2020,motif_tumor_stroma_mixing,spatial,False,False,fail_control_block,False,0.7660506554651324,1.0,0.1333333333333333,1.0,1.243434005895095,0.2795042217708484,faithful_but_wrong_place,abundance_only_or_fail,pass_spatial,composition,one_removed
mil_composition_one_removed,hnc_wu2022,motif_cd8_clustering,spatial,True,True,pass_spatial,True,0.8950886314152133,1.0,1.0,1.0,4.301567410956706,0.3166058963149212,pass_spatial,pass_spatial,pass_spatial,composition,one_removed
mil_composition_one_removed,hnc_wu2022,motif_immune_exclusion,spatial,True,True,pass_spatial,True,0.8824999635348029,1.0,1.0,1.0,2.474951092620934,0.4462490444364144,pass_spatial,pass_spatial,pass_spatial,composition,one_removed
mil_composition_one_removed,tnbc_wang2023,motif_cd8_high,control,True,True,pass_control,True,0.964788278879704,1.0,1.0,1.0,2.108763699709613,0.2281761120553143,pass_control,pass_control,pass_control,composition,one_removed
mil_composition_random,bc_jackson2020,motif_apc_t_contact,spatial,False,False,fail_control_block,False,0.6019790325846818,0.5333333333333333,0.0,0.0,0.9491812064061644,0.0023671938966214,abundance_only_or_fail,abundance_only_or_fail,unfaithful_or_fail,composition,random
mil_composition_random,bc_jackson2020,motif_cd8_tumor_contact,spatial,False,False,fail_control_block,False,0.8130867774847903,1.0,0.0,0.0,0.9822926800020872,0.0024731262087944,abundance_only_or_fail,abundance_only_or_fail,unfaithful_or_fail,composition,random
mil_composition_random,bc_jackson2020,motif_macrophage_tumor_niche,spatial,False,False,fail_control_block,False,0.6987163123917506,1.0,0.0,0.0,0.9888740117517298,0.0055178205420688,abundance_only_or_fail,abundance_only_or_fail,unfaithful_or_fail,composition,random
mil_composition_random,bc_jackson2020,motif_t_tumor_mixing,spatial,False,False,fail_control_block,False,0.8012024834949976,1.0,0.0,0.0,1.017217469990417,-0.0026849920177008,abundance_only_or_fail,abundance_only_or_fail,unfaithful_or_fail,composition,random
mil_composition_random,bc_jackson2020,motif_tumor_high,control,False,False,fail_control,False,0.9710136187037276,1.0,0.0,0.0,1.0176034714310258,0.0005435866661972,fail_control,fail_control,fail_control,composition,random
mil_composition_random,bc_metabric_ali2020,motif_interface_immune,spatial,False,False,fail_control_block,False,0.5730730164126139,0.3333333333333333,0.0,0.0,0.9723118373967572,0.0027585388531769,abundance_only_or_fail,abundance_only_or_fail,unfaithful_or_fail,composition,random
mil_composition_random,bc_metabric_ali2020,motif_tumor_stroma_mixing,spatial,False,False,fail_control_block,False,0.7660506554651324,1.0,0.0,0.0,0.9885148358665916,0.0047203193368297,abundance_only_or_fail,abundance_only_or_fail,unfaithful_or_fail,composition,random
mil_composition_random,hnc_wu2022,motif_cd8_clustering,spatial,False,False,fail_control_block,False,0.8950886314152133,1.0,0.0,0.0,0.9701513572630128,0.0017211005247121,abundance_only_or_fail,abundance_only_or_fail,unfaithful_or_fail,composition,random
mil_composition_random,hnc_wu2022,motif_immune_exclusion,spatial,False,False,fail_control_block,False,0.8824999635348029,1.0,0.0,0.0,0.9866286098333364,-0.0081558619593137,abundance_only_or_fail,abundance_only_or_fail,unfaithful_or_fail,composition,random
mil_composition_random,tnbc_wang2023,motif_cd8_high,control,False,False,fail_control,False,0.964788278879704,1.0,0.0,0.0,1.0119126068153197,0.0009213440915612,fail_control,fail_control,fail_control,composition,random
mil_composition_single,bc_jackson2020,motif_apc_t_contact,spatial,False,False,fail_spatial,True,0.6019790325846818,0.5333333333333333,0.0,0.5333333333333333,0.6865606115035702,0.3248363798645146,faithful_but_wrong_place,abundance_only_or_fail,pass_spatial,composition,single
mil_composition_single,bc_jackson2020,motif_cd8_tumor_contact,spatial,False,False,fail_spatial,True,0.8130867774847903,1.0,0.0,1.0,0.6829309195006853,0.377336365746563,faithful_but_wrong_place,abundance_only_or_fail,pass_spatial,composition,single
mil_composition_single,bc_jackson2020,motif_macrophage_tumor_niche,spatial,False,False,fail_spatial,True,0.6987163123917506,1.0,0.0,1.0,0.7893361382858247,0.3958120254616443,faithful_but_wrong_place,abundance_only_or_fail,pass_spatial,composition,single
mil_composition_single,bc_jackson2020,motif_t_tumor_mixing,spatial,False,False,fail_spatial,True,0.8012024834949976,1.0,0.0,1.0,0.7231698350611769,0.3732139295494547,faithful_but_wrong_place,abundance_only_or_fail,pass_spatial,composition,single
mil_composition_single,bc_jackson2020,motif_tumor_high,control,True,True,pass_control,True,0.9710136187037276,1.0,1.0,1.0,2.821178348484379,0.4491347847056426,pass_control,pass_control,pass_control,composition,single
mil_composition_single,bc_metabric_ali2020,motif_interface_immune,spatial,False,False,fail_control_block,False,0.5730730164126139,0.3333333333333333,0.0666666666666666,0.3333333333333333,1.131234962577851,0.4259609177887079,abundance_only_or_fail,abundance_only_or_fail,unfaithful_or_fail,composition,single
mil_composition_single,bc_metabric_ali2020,motif_tumor_stroma_mixing,spatial,False,False,fail_control_block,False,0.7660506554651324,1.0,0.0,1.0,0.647069106725138,0.3870634471185957,faithful_but_wrong_place,abundance_only_or_fail,pass_spatial,composition,single
mil_composition_single,hnc_wu2022,motif_cd8_clustering,spatial,True,True,pass_spatial,True,0.8950886314152133,1.0,1.0,1.0,4.965156274099676,0.4865789531347042,pass_spatial,pass_spatial,pass_spatial,composition,single
mil_composition_single,hnc_wu2022,motif_immune_exclusion,spatial,True,True,pass_spatial,True,0.8824999635348029,1.0,1.0,1.0,2.786336097520008,0.5667879143397146,pass_spatial,pass_spatial,pass_spatial,composition,single
mil_composition_single,tnbc_wang2023,motif_cd8_high,control,True,True,pass_control,True,0.964788278879704,1.0,1.0,1.0,2.209121154929365,0.3868644704204774,pass_control,pass_control,pass_control,composition,single
mil_mixing_attention,bc_jackson2020,motif_apc_t_contact,spatial,False,False,fail_spatial,True,0.6535642703576606,0.7333333333333333,0.0,0.6666666666666666,0.8353055416827427,0.2488720471203996,faithful_but_wrong_place,abundance_only_or_fail,pass_spatial,mixing,attention
mil_mixing_attention,bc_jackson2020,motif_cd8_tumor_contact,spatial,False,False,fail_spatial,True,0.6545126294335097,0.9333333333333332,0.0,0.8,1.144083956856884,-0.0430896369301466,faithful_but_wrong_place,abundance_only_or_fail,pass_spatial,mixing,attention
mil_mixing_attention,bc_jackson2020,motif_macrophage_tumor_niche,spatial,False,False,fail_spatial,True,0.5882662661405493,0.4,0.2666666666666666,0.0,1.553001346908759,-0.0973885901385921,abundance_only_or_fail,abundance_only_or_fail,unfaithful_or_fail,mixing,attention
mil_mixing_attention,bc_jackson2020,motif_t_tumor_mixing,spatial,False,False,fail_spatial,True,0.6629355405761213,0.8,0.0,0.3333333333333333,1.0922820389222714,-0.0373365476263705,abundance_only_or_fail,abundance_only_or_fail,unfaithful_or_fail,mixing,attention
mil_mixing_attention,bc_jackson2020,motif_tumor_high,control,True,True,pass_control,True,0.9400192306934264,0.8666666666666667,0.8,0.8666666666666667,1.4069664217131257,0.1653305802844866,pass_control,pass_control,pass_control,mixing,attention
mil_mixing_attention,bc_metabric_ali2020,motif_interface_immune,spatial,False,False,fail_control_block,False,0.6152279664031474,0.4666666666666667,0.0666666666666666,0.2,1.3760309637032564,0.1121134076325505,abundance_only_or_fail,abundance_only_or_fail,unfaithful_or_fail,mixing,attention
mil_mixing_attention,bc_metabric_ali2020,motif_tumor_stroma_mixing,spatial,False,False,fail_control_block,False,0.7058145941742333,1.0,0.0,0.0,1.2511981937263597,-0.2427830343597176,abundance_only_or_fail,abundance_only_or_fail,unfaithful_or_fail,mixing,attention
mil_mixing_attention,hnc_wu2022,motif_cd8_clustering,spatial,False,False,fail_control_block,False,0.8449522215117599,1.0,1.0,0.3333333333333333,3.5955200747049334,0.1501480539329316,looks_biological_unfaithful,pass_spatial,unfaithful_or_fail,mixing,attention
mil_mixing_attention,hnc_wu2022,motif_immune_exclusion,spatial,False,False,fail_control_block,False,0.9189913140030992,1.0,0.9333333333333332,0.4666666666666667,1.9073851267429425,0.1309506253816388,looks_biological_unfaithful,pass_spatial,unfaithful_or_fail,mixing,attention
mil_mixing_attention,tnbc_wang2023,motif_cd8_high,control,True,True,pass_control,True,0.9720046976431156,1.0,1.0,1.0,1.7376343095175026,0.1995472851442712,pass_control,pass_control,pass_control,mixing,attention
mil_mixing_ig,bc_jackson2020,motif_apc_t_contact,spatial,False,False,fail_spatial,True,0.6535642703576606,0.7333333333333333,0.0,0.7333333333333333,1.0908314684787557,0.6524930029533678,faithful_but_wrong_place,abundance_only_or_fail,pass_spatial,mixing,ig
mil_mixing_ig,bc_jackson2020,motif_cd8_tumor_contact,spatial,False,False,fail_spatial,True,0.6545126294335097,0.9333333333333332,0.0,0.9333333333333332,1.2258299116115177,0.6022973522566829,faithful_but_wrong_place,abundance_only_or_fail,pass_spatial,mixing,ig
mil_mixing_ig,bc_jackson2020,motif_macrophage_tumor_niche,spatial,False,False,fail_spatial,True,0.5882662661405493,0.4,0.4,0.4,1.87858921198629,0.6953439402895077,abundance_only_or_fail,abundance_only_or_fail,unfaithful_or_fail,mixing,ig
mil_mixing_ig,bc_jackson2020,motif_t_tumor_mixing,spatial,False,False,fail_spatial,True,0.6629355405761213,0.8,0.0,0.8,1.2166042670709578,0.6116687561119103,faithful_but_wrong_place,abundance_only_or_fail,pass_spatial,mixing,ig
mil_mixing_ig,bc_jackson2020,motif_tumor_high,control,True,True,pass_control,True,0.9400192306934264,0.8666666666666667,0.8666666666666667,0.8666666666666667,2.313919776754322,0.5067290142175291,pass_control,pass_control,pass_control,mixing,ig
mil_mixing_ig,bc_metabric_ali2020,motif_interface_immune,spatial,False,False,fail_control_block,False,0.6152279664031474,0.4666666666666667,0.2666666666666666,0.4666666666666667,1.5043576346314669,0.6255522851343864,abundance_only_or_fail,abundance_only_or_fail,unfaithful_or_fail,mixing,ig
mil_mixing_ig,bc_metabric_ali2020,motif_tumor_stroma_mixing,spatial,False,False,fail_control_block,False,0.7058145941742333,1.0,0.0,1.0,1.164407556929976,0.6240994215699567,faithful_but_wrong_place,abundance_only_or_fail,pass_spatial,mixing,ig
mil_mixing_ig,hnc_wu2022,motif_cd8_clustering,spatial,True,True,pass_spatial,True,0.8449522215117599,1.0,1.0,1.0,4.0996750750291655,0.585600167778002,pass_spatial,pass_spatial,pass_spatial,mixing,ig
mil_mixing_ig,hnc_wu2022,motif_immune_exclusion,spatial,True,True,pass_spatial,True,0.9189913140030992,1.0,1.0,1.0,2.703745919494785,0.6544124141298148,pass_spatial,pass_spatial,pass_spatial,mixing,ig
mil_mixing_ig,tnbc_wang2023,motif_cd8_high,control,True,True,pass_control,True,0.9720046976431156,1.0,1.0,1.0,2.097240212988837,0.4042577031597693,pass_control,pass_control,pass_control,mixing,ig
mil_mixing_one_removed,bc_jackson2020,motif_apc_t_contact,spatial,False,False,fail_spatial,True,0.6535642703576606,0.7333333333333333,0.0,0.7333333333333333,1.0590454632497812,0.5175904212658022,faithful_but_wrong_place,abundance_only_or_fail,pass_spatial,mixing,one_removed
mil_mixing_one_removed,bc_jackson2020,motif_cd8_tumor_contact,spatial,False,False,fail_spatial,True,0.6545126294335097,0.9333333333333332,0.0,0.9333333333333332,1.1949844642465808,0.4907272865000778,faithful_but_wrong_place,abundance_only_or_fail,pass_spatial,mixing,one_removed
mil_mixing_one_removed,bc_jackson2020,motif_macrophage_tumor_niche,spatial,False,False,fail_spatial,True,0.5882662661405493,0.4,0.4,0.4,1.8047940166936571,0.5721637827701437,abundance_only_or_fail,abundance_only_or_fail,unfaithful_or_fail,mixing,one_removed
mil_mixing_one_removed,bc_jackson2020,motif_t_tumor_mixing,spatial,False,False,fail_spatial,True,0.6629355405761213,0.8,0.0,0.8,1.176536876703224,0.5014376301812625,faithful_but_wrong_place,abundance_only_or_fail,pass_spatial,mixing,one_removed
mil_mixing_one_removed,bc_jackson2020,motif_tumor_high,control,True,True,pass_control,True,0.9400192306934264,0.8666666666666667,0.8666666666666667,0.8666666666666667,2.136618446012567,0.4038569951152676,pass_control,pass_control,pass_control,mixing,one_removed
mil_mixing_one_removed,bc_metabric_ali2020,motif_interface_immune,spatial,False,False,fail_control_block,False,0.6152279664031474,0.4666666666666667,0.2,0.4666666666666667,1.4262105217040826,0.5273374865467735,abundance_only_or_fail,abundance_only_or_fail,unfaithful_or_fail,mixing,one_removed
mil_mixing_one_removed,bc_metabric_ali2020,motif_tumor_stroma_mixing,spatial,False,False,fail_control_block,False,0.7058145941742333,1.0,0.0,1.0,1.0953415277647016,0.5105000226373154,faithful_but_wrong_place,abundance_only_or_fail,pass_spatial,mixing,one_removed
mil_mixing_one_removed,hnc_wu2022,motif_cd8_clustering,spatial,True,True,pass_spatial,True,0.8449522215117599,1.0,1.0,1.0,3.792859298114047,0.4418781101680996,pass_spatial,pass_spatial,pass_spatial,mixing,one_removed
mil_mixing_one_removed,hnc_wu2022,motif_immune_exclusion,spatial,True,True,pass_spatial,True,0.9189913140030992,1.0,1.0,1.0,2.449261666560166,0.4249407370004365,pass_spatial,pass_spatial,pass_spatial,mixing,one_removed
mil_mixing_one_removed,tnbc_wang2023,motif_cd8_high,control,True,True,pass_control,True,0.9720046976431156,1.0,1.0,1.0,2.055266164205852,0.3142973320904311,pass_control,pass_control,pass_control,mixing,one_removed
mil_mixing_random,bc_jackson2020,motif_apc_t_contact,spatial,False,False,fail_control_block,False,0.6535642703576606,0.7333333333333333,0.0,0.0,1.06693888843091,-0.0108169695477716,abundance_only_or_fail,abundance_only_or_fail,unfaithful_or_fail,mixing,random
mil_mixing_random,bc_jackson2020,motif_cd8_tumor_contact,spatial,False,False,fail_control_block,False,0.6545126294335097,0.9333333333333332,0.0,0.0,0.9878306089978606,-0.0025872995194893,abundance_only_or_fail,abundance_only_or_fail,unfaithful_or_fail,mixing,random
mil_mixing_random,bc_jackson2020,motif_macrophage_tumor_niche,spatial,False,False,fail_control_block,False,0.5882662661405493,0.4,0.0,0.0,1.0088393436347725,0.0019710063617739,abundance_only_or_fail,abundance_only_or_fail,unfaithful_or_fail,mixing,random
mil_mixing_random,bc_jackson2020,motif_t_tumor_mixing,spatial,False,False,fail_control_block,False,0.6629355405761213,0.8,0.0,0.0,0.9922598156951682,7.8356213865996e-06,abundance_only_or_fail,abundance_only_or_fail,unfaithful_or_fail,mixing,random
mil_mixing_random,bc_jackson2020,motif_tumor_high,control,False,False,fail_control,False,0.9400192306934264,0.8666666666666667,0.0,0.0,0.9971924192698126,-0.00041026770917,fail_control,fail_control,fail_control,mixing,random
mil_mixing_random,bc_metabric_ali2020,motif_interface_immune,spatial,False,False,fail_control_block,False,0.6152279664031474,0.4666666666666667,0.0,0.0,0.9770843084070808,-0.0082582147581105,abundance_only_or_fail,abundance_only_or_fail,unfaithful_or_fail,mixing,random
mil_mixing_random,bc_metabric_ali2020,motif_tumor_stroma_mixing,spatial,False,False,fail_control_block,False,0.7058145941742333,1.0,0.0,0.0,1.027488796604623,0.0004567529002797,abundance_only_or_fail,abundance_only_or_fail,unfaithful_or_fail,mixing,random
mil_mixing_random,hnc_wu2022,motif_cd8_clustering,spatial,False,False,fail_control_block,False,0.8449522215117599,1.0,0.0,0.0,0.9701513572630128,-0.0100590815182495,abundance_only_or_fail,abundance_only_or_fail,unfaithful_or_fail,mixing,random
mil_mixing_random,hnc_wu2022,motif_immune_exclusion,spatial,False,False,fail_control_block,False,0.9189913140030992,1.0,0.0,0.0,0.9866286098333364,-0.0096205466014992,abundance_only_or_fail,abundance_only_or_fail,unfaithful_or_fail,mixing,random
mil_mixing_random,tnbc_wang2023,motif_cd8_high,control,False,False,fail_control,False,0.9720046976431156,1.0,0.0,0.0,1.0119126068153197,0.0019783177848049,fail_control,fail_control,fail_control,mixing,random
mil_mixing_single,bc_jackson2020,motif_apc_t_contact,spatial,False,False,fail_spatial,True,0.6535642703576606,0.7333333333333333,0.0,0.7333333333333333,1.1946309568185909,0.7356421298039731,faithful_but_wrong_place,abundance_only_or_fail,pass_spatial,mixing,single
mil_mixing_single,bc_jackson2020,motif_cd8_tumor_contact,spatial,False,False,fail_spatial,True,0.6545126294335097,0.9333333333333332,0.1333333333333333,0.9333333333333332,1.192335990966239,0.6801962334948671,faithful_but_wrong_place,abundance_only_or_fail,pass_spatial,mixing,single
mil_mixing_single,bc_jackson2020,motif_macrophage_tumor_niche,spatial,False,False,fail_spatial,True,0.5882662661405493,0.4,0.4,0.4,1.8719096406884737,0.7650706472631544,abundance_only_or_fail,abundance_only_or_fail,unfaithful_or_fail,mixing,single
mil_mixing_single,bc_jackson2020,motif_t_tumor_mixing,spatial,False,False,fail_spatial,True,0.6629355405761213,0.8,0.0666666666666666,0.8,1.193683834128808,0.6864641732341951,faithful_but_wrong_place,abundance_only_or_fail,pass_spatial,mixing,single
mil_mixing_single,bc_jackson2020,motif_tumor_high,control,True,True,pass_control,True,0.9400192306934264,0.8666666666666667,0.8666666666666667,0.8666666666666667,2.362575129470071,0.5465127363609145,pass_control,pass_control,pass_control,mixing,single
mil_mixing_single,bc_metabric_ali2020,motif_interface_immune,spatial,False,False,fail_control_block,False,0.6152279664031474,0.4666666666666667,0.4,0.4666666666666667,1.5331960237079585,0.7102364711187038,abundance_only_or_fail,abundance_only_or_fail,unfaithful_or_fail,mixing,single
mil_mixing_single,bc_metabric_ali2020,motif_tumor_stroma_mixing,spatial,False,False,fail_control_block,False,0.7058145941742333,1.0,0.0,1.0,0.9574918896265036,0.6832428421953861,faithful_but_wrong_place,abundance_only_or_fail,pass_spatial,mixing,single
mil_mixing_single,hnc_wu2022,motif_cd8_clustering,spatial,True,True,pass_spatial,True,0.8449522215117599,1.0,1.0,1.0,3.5293548833477075,0.7001106865494994,pass_spatial,pass_spatial,pass_spatial,mixing,single
mil_mixing_single,hnc_wu2022,motif_immune_exclusion,spatial,True,True,pass_spatial,True,0.9189913140030992,1.0,1.0,1.0,2.7051767178197306,0.7164417852240538,pass_spatial,pass_spatial,pass_spatial,mixing,single
mil_mixing_single,tnbc_wang2023,motif_cd8_high,control,True,True,pass_control,True,0.9720046976431156,1.0,1.0,1.0,2.0963726597953065,0.4285684792288128,pass_control,pass_control,pass_control,mixing,single
mil_celltype_density_attention,bc_jackson2020,motif_apc_t_contact,spatial,False,False,fail_spatial,True,0.630607858583381,0.5333333333333333,0.0,0.5333333333333333,0.4303425328119041,0.1638777799959648,faithful_but_wrong_place,abundance_only_or_fail,pass_spatial,celltype_density,attention
mil_celltype_density_attention,bc_jackson2020,motif_cd8_tumor_contact,spatial,False,False,fail_spatial,True,0.823070424942973,1.0,0.2,0.0,1.260891486862584,-0.2139219190035068,abundance_only_or_fail,abundance_only_or_fail,unfaithful_or_fail,celltype_density,attention
mil_celltype_density_attention,bc_jackson2020,motif_macrophage_tumor_niche,spatial,False,False,fail_spatial,True,0.6001019885385936,0.3333333333333333,0.0666666666666666,0.0,1.17578610181971,-0.1312734545123011,abundance_only_or_fail,abundance_only_or_fail,unfaithful_or_fail,celltype_density,attention
mil_celltype_density_attention,bc_jackson2020,motif_t_tumor_mixing,spatial,False,False,fail_spatial,True,0.821215267166264,1.0,0.1333333333333333,0.0,1.263100693797242,-0.2217328595342355,abundance_only_or_fail,abundance_only_or_fail,unfaithful_or_fail,celltype_density,attention
mil_celltype_density_attention,bc_jackson2020,motif_tumor_high,control,True,True,pass_control,True,0.9778972614030472,1.0,0.9333333333333332,1.0,1.5961217744899965,0.210479956092672,pass_control,pass_control,pass_control,celltype_density,attention
mil_celltype_density_attention,bc_metabric_ali2020,motif_interface_immune,spatial,False,False,fail_control_block,False,0.5938671644284367,0.5333333333333333,0.0,0.1333333333333333,1.1789352906537538,0.0060027431621008,abundance_only_or_fail,abundance_only_or_fail,unfaithful_or_fail,celltype_density,attention
mil_celltype_density_attention,bc_metabric_ali2020,motif_tumor_stroma_mixing,spatial,False,False,fail_control_block,False,0.7466045303672479,1.0,0.1333333333333333,0.0,1.3565303378691906,-0.217618070117094,abundance_only_or_fail,abundance_only_or_fail,unfaithful_or_fail,celltype_density,attention
mil_celltype_density_attention,hnc_wu2022,motif_cd8_clustering,spatial,True,False,fail_control_block,False,0.8814546119443132,1.0,1.0,0.8666666666666667,4.545552672523434,0.2529347505605603,pass_spatial,pass_spatial,pass_spatial,celltype_density,attention
mil_celltype_density_attention,hnc_wu2022,motif_immune_exclusion,spatial,True,False,fail_control_block,False,0.7901308675175936,1.0,0.6,0.6666666666666666,1.2229085150648658,0.1670645504854656,pass_spatial,pass_spatial,pass_spatial,celltype_density,attention
mil_celltype_density_attention,tnbc_wang2023,motif_cd8_high,control,True,True,pass_control,True,0.9666080530699664,1.0,0.7333333333333333,0.6666666666666666,1.7491748591174907,0.1281331201804466,pass_control,pass_control,pass_control,celltype_density,attention
mil_celltype_density_ig,bc_jackson2020,motif_apc_t_contact,spatial,False,False,fail_spatial,True,0.630607858583381,0.5333333333333333,0.0,0.5333333333333333,0.5160427082039364,0.2692630949466117,faithful_but_wrong_place,abundance_only_or_fail,pass_spatial,celltype_density,ig
mil_celltype_density_ig,bc_jackson2020,motif_cd8_tumor_contact,spatial,True,True,pass_spatial,True,0.823070424942973,1.0,0.7333333333333333,1.0,1.427113411124193,0.2987211015734279,pass_spatial,pass_spatial,pass_spatial,celltype_density,ig
mil_celltype_density_ig,bc_jackson2020,motif_macrophage_tumor_niche,spatial,False,False,fail_spatial,True,0.6001019885385936,0.3333333333333333,0.2666666666666666,0.3333333333333333,1.5533216194280322,0.2727919137954713,abundance_only_or_fail,abundance_only_or_fail,unfaithful_or_fail,celltype_density,ig
mil_celltype_density_ig,bc_jackson2020,motif_t_tumor_mixing,spatial,True,True,pass_spatial,True,0.821215267166264,1.0,0.6666666666666666,1.0,1.4067193181066575,0.3013812317538415,pass_spatial,pass_spatial,pass_spatial,celltype_density,ig
mil_celltype_density_ig,bc_jackson2020,motif_tumor_high,control,True,True,pass_control,True,0.9778972614030472,1.0,1.0,1.0,2.7149845119154663,0.4235133201647711,pass_control,pass_control,pass_control,celltype_density,ig
mil_celltype_density_ig,bc_metabric_ali2020,motif_interface_immune,spatial,False,False,fail_control_block,False,0.5938671644284367,0.5333333333333333,0.0,0.5333333333333333,1.1793371901361225,0.3288351424512647,faithful_but_wrong_place,abundance_only_or_fail,pass_spatial,celltype_density,ig
mil_celltype_density_ig,bc_metabric_ali2020,motif_tumor_stroma_mixing,spatial,False,False,fail_control_block,False,0.7466045303672479,1.0,0.0666666666666666,1.0,1.2837213305847692,0.3028992692511555,faithful_but_wrong_place,abundance_only_or_fail,pass_spatial,celltype_density,ig
mil_celltype_density_ig,hnc_wu2022,motif_cd8_clustering,spatial,True,True,pass_spatial,True,0.8814546119443132,1.0,1.0,1.0,4.710818412983968,0.3696942860236822,pass_spatial,pass_spatial,pass_spatial,celltype_density,ig
mil_celltype_density_ig,hnc_wu2022,motif_immune_exclusion,spatial,True,True,pass_spatial,True,0.7901308675175936,1.0,0.7333333333333333,1.0,1.7727545525418846,0.4907567939242749,pass_spatial,pass_spatial,pass_spatial,celltype_density,ig
mil_celltype_density_ig,tnbc_wang2023,motif_cd8_high,control,True,True,pass_control,True,0.9666080530699664,1.0,1.0,1.0,2.16843111319644,0.2596293222375128,pass_control,pass_control,pass_control,celltype_density,ig
mil_celltype_density_one_removed,bc_jackson2020,motif_apc_t_contact,spatial,False,False,fail_spatial,True,0.630607858583381,0.5333333333333333,0.0,0.5333333333333333,0.6447509270569689,0.2195332400829981,faithful_but_wrong_place,abundance_only_or_fail,pass_spatial,celltype_density,one_removed
mil_celltype_density_one_removed,bc_jackson2020,motif_cd8_tumor_contact,spatial,True,True,pass_spatial,True,0.823070424942973,1.0,0.5333333333333333,1.0,1.3943673630315003,0.2498026100667182,pass_spatial,pass_spatial,pass_spatial,celltype_density,one_removed
mil_celltype_density_one_removed,bc_jackson2020,motif_macrophage_tumor_niche,spatial,False,False,fail_spatial,True,0.6001019885385936,0.3333333333333333,0.2,0.3333333333333333,1.5245851463664477,0.2534953032282901,abundance_only_or_fail,abundance_only_or_fail,unfaithful_or_fail,celltype_density,one_removed
mil_celltype_density_one_removed,bc_jackson2020,motif_t_tumor_mixing,spatial,True,True,pass_spatial,True,0.821215267166264,1.0,0.6,1.0,1.3770469203848124,0.249896753652955,pass_spatial,pass_spatial,pass_spatial,celltype_density,one_removed
mil_celltype_density_one_removed,bc_jackson2020,motif_tumor_high,control,True,True,pass_control,True,0.9778972614030472,1.0,1.0,1.0,2.561974353946899,0.3637940066983284,pass_control,pass_control,pass_control,celltype_density,one_removed
mil_celltype_density_one_removed,bc_metabric_ali2020,motif_interface_immune,spatial,False,False,fail_control_block,False,0.5938671644284367,0.5333333333333333,0.0,0.5333333333333333,1.1784682952322227,0.2902513240132739,faithful_but_wrong_place,abundance_only_or_fail,pass_spatial,celltype_density,one_removed
mil_celltype_density_one_removed,bc_metabric_ali2020,motif_tumor_stroma_mixing,spatial,False,False,fail_control_block,False,0.7466045303672479,1.0,0.1333333333333333,1.0,1.1740456017006848,0.2533423187015012,faithful_but_wrong_place,abundance_only_or_fail,pass_spatial,celltype_density,one_removed
mil_celltype_density_one_removed,hnc_wu2022,motif_cd8_clustering,spatial,True,True,pass_spatial,True,0.8814546119443132,1.0,1.0,1.0,3.870575023169742,0.2934342292550652,pass_spatial,pass_spatial,pass_spatial,celltype_density,one_removed
mil_celltype_density_one_removed,hnc_wu2022,motif_immune_exclusion,spatial,True,True,pass_spatial,True,0.7901308675175936,1.0,0.7333333333333333,1.0,1.723136480947496,0.3992012918920676,pass_spatial,pass_spatial,pass_spatial,celltype_density,one_removed
mil_celltype_density_one_removed,tnbc_wang2023,motif_cd8_high,control,True,True,pass_control,True,0.9666080530699664,1.0,1.0,1.0,1.921363195997604,0.1912420284089021,pass_control,pass_control,pass_control,celltype_density,one_removed
mil_celltype_density_random,bc_jackson2020,motif_apc_t_contact,spatial,False,False,fail_control_block,False,0.630607858583381,0.5333333333333333,0.0,0.0,0.9412266021366164,-0.0041681907458625,abundance_only_or_fail,abundance_only_or_fail,unfaithful_or_fail,celltype_density,random
mil_celltype_density_random,bc_jackson2020,motif_cd8_tumor_contact,spatial,False,False,fail_control_block,False,0.823070424942973,1.0,0.0,0.0,1.0207548255881025,0.0020907255837755,abundance_only_or_fail,abundance_only_or_fail,unfaithful_or_fail,celltype_density,random
mil_celltype_density_random,bc_jackson2020,motif_macrophage_tumor_niche,spatial,False,False,fail_control_block,False,0.6001019885385936,0.3333333333333333,0.0,0.0,1.024470873962038,-0.0047650614219955,abundance_only_or_fail,abundance_only_or_fail,unfaithful_or_fail,celltype_density,random
mil_celltype_density_random,bc_jackson2020,motif_t_tumor_mixing,spatial,False,False,fail_control_block,False,0.821215267166264,1.0,0.0,0.0,1.0177189072594048,-0.0010804190924891,abundance_only_or_fail,abundance_only_or_fail,unfaithful_or_fail,celltype_density,random
mil_celltype_density_random,bc_jackson2020,motif_tumor_high,control,False,False,fail_control,False,0.9778972614030472,1.0,0.0,0.0,0.9889418160022638,-0.0008116177432985,fail_control,fail_control,fail_control,celltype_density,random
mil_celltype_density_random,bc_metabric_ali2020,motif_interface_immune,spatial,False,False,fail_control_block,False,0.5938671644284367,0.5333333333333333,0.0,0.0,0.9690122217887076,0.000713371338156,abundance_only_or_fail,abundance_only_or_fail,unfaithful_or_fail,celltype_density,random
mil_celltype_density_random,bc_metabric_ali2020,motif_tumor_stroma_mixing,spatial,False,False,fail_control_block,False,0.7466045303672479,1.0,0.0,0.0,1.010445528384791,-0.0009261275118171,abundance_only_or_fail,abundance_only_or_fail,unfaithful_or_fail,celltype_density,random
mil_celltype_density_random,hnc_wu2022,motif_cd8_clustering,spatial,False,False,fail_control_block,False,0.8814546119443132,1.0,0.0,0.0,0.9701513572630128,0.006236788534763,abundance_only_or_fail,abundance_only_or_fail,unfaithful_or_fail,celltype_density,random
mil_celltype_density_random,hnc_wu2022,motif_immune_exclusion,spatial,False,False,fail_control_block,False,0.7901308675175936,1.0,0.0,0.0,0.9866286098333364,-0.0046521267245511,abundance_only_or_fail,abundance_only_or_fail,unfaithful_or_fail,celltype_density,random
mil_celltype_density_random,tnbc_wang2023,motif_cd8_high,control,False,False,fail_control,False,0.9666080530699664,1.0,0.0,0.0,1.0119126068153197,0.0002294908623261,fail_control,fail_control,fail_control,celltype_density,random
mil_celltype_density_single,bc_jackson2020,motif_apc_t_contact,spatial,False,False,fail_spatial,True,0.630607858583381,0.5333333333333333,0.0,0.5333333333333333,0.6785819423598526,0.3498109280797312,faithful_but_wrong_place,abundance_only_or_fail,pass_spatial,celltype_density,single
mil_celltype_density_single,bc_jackson2020,motif_cd8_tumor_contact,spatial,False,False,fail_spatial,True,0.823070424942973,1.0,0.0666666666666666,1.0,0.8524705610330336,0.3803734001702743,faithful_but_wrong_place,abundance_only_or_fail,pass_spatial,celltype_density,single
mil_celltype_density_single,bc_jackson2020,motif_macrophage_tumor_niche,spatial,False,False,fail_spatial,True,0.6001019885385936,0.3333333333333333,0.0666666666666666,0.3333333333333333,1.1735816131562609,0.3630663786896309,abundance_only_or_fail,abundance_only_or_fail,unfaithful_or_fail,celltype_density,single
mil_celltype_density_single,bc_jackson2020,motif_t_tumor_mixing,spatial,False,False,fail_spatial,True,0.821215267166264,1.0,0.0,1.0,0.8327622889684856,0.3790384066898401,faithful_but_wrong_place,abundance_only_or_fail,pass_spatial,celltype_density,single
mil_celltype_density_single,bc_jackson2020,motif_tumor_high,control,True,True,pass_control,True,0.9778972614030472,1.0,1.0,1.0,2.723774165009003,0.4633869708774293,pass_control,pass_control,pass_control,celltype_density,single
mil_celltype_density_single,bc_metabric_ali2020,motif_interface_immune,spatial,False,False,fail_control_block,False,0.5938671644284367,0.5333333333333333,0.0,0.5333333333333333,1.1656147836220885,0.442197151848129,faithful_but_wrong_place,abundance_only_or_fail,pass_spatial,celltype_density,single
mil_celltype_density_single,bc_metabric_ali2020,motif_tumor_stroma_mixing,spatial,False,False,fail_control_block,False,0.7466045303672479,1.0,0.0,1.0,0.6071344565721027,0.3899174643796066,faithful_but_wrong_place,abundance_only_or_fail,pass_spatial,celltype_density,single
mil_celltype_density_single,hnc_wu2022,motif_cd8_clustering,spatial,True,True,pass_spatial,True,0.8814546119443132,1.0,1.0,1.0,4.48286723417912,0.5246261911447061,pass_spatial,pass_spatial,pass_spatial,celltype_density,single
mil_celltype_density_single,hnc_wu2022,motif_immune_exclusion,spatial,True,True,pass_spatial,True,0.7901308675175936,1.0,0.8,1.0,2.4925930321033345,0.5391690662063271,pass_spatial,pass_spatial,pass_spatial,celltype_density,single
mil_celltype_density_single,tnbc_wang2023,motif_cd8_high,control,True,True,pass_control,True,0.9666080530699664,1.0,1.0,1.0,2.113299782663843,0.3798440832115004,pass_control,pass_control,pass_control,celltype_density,single
mil_composition_mixing_attention,bc_jackson2020,motif_apc_t_contact,spatial,False,False,fail_spatial,True,0.643497219345829,0.6,0.0,0.6,0.9143179696512994,0.2310652954252035,faithful_but_wrong_place,abundance_only_or_fail,pass_spatial,composition_mixing,attention
mil_composition_mixing_attention,bc_jackson2020,motif_cd8_tumor_contact,spatial,False,False,fail_spatial,True,0.6627077016787007,0.8666666666666667,0.0,0.7333333333333333,1.1911242607798778,-0.0401816886394027,faithful_but_wrong_place,abundance_only_or_fail,pass_spatial,composition_mixing,attention
mil_composition_mixing_attention,bc_jackson2020,motif_macrophage_tumor_niche,spatial,False,False,fail_spatial,True,0.5813560851469162,0.4,0.2,0.0666666666666666,1.5566904072016998,-0.0653744756682014,abundance_only_or_fail,abundance_only_or_fail,unfaithful_or_fail,composition_mixing,attention
mil_composition_mixing_attention,bc_jackson2020,motif_t_tumor_mixing,spatial,False,False,fail_spatial,True,0.677509861105593,0.9333333333333332,0.0,0.6666666666666666,1.146629038492199,-0.0326564498589439,faithful_but_wrong_place,abundance_only_or_fail,pass_spatial,composition_mixing,attention
mil_composition_mixing_attention,bc_jackson2020,motif_tumor_high,control,True,True,pass_control,True,0.9429055439254844,0.9333333333333332,0.8666666666666667,0.8,1.3991748027877755,0.1527783643811727,pass_control,pass_control,pass_control,composition_mixing,attention
mil_composition_mixing_attention,bc_metabric_ali2020,motif_interface_immune,spatial,False,False,fail_control_block,False,0.6277451341817942,0.7333333333333333,0.2666666666666666,0.2666666666666666,1.429728445292186,0.1088354991770656,abundance_only_or_fail,abundance_only_or_fail,unfaithful_or_fail,composition_mixing,attention
mil_composition_mixing_attention,bc_metabric_ali2020,motif_tumor_stroma_mixing,spatial,False,False,fail_control_block,False,0.706919258533313,1.0,0.0,0.0,1.243664521194738,-0.2617831963926402,abundance_only_or_fail,abundance_only_or_fail,unfaithful_or_fail,composition_mixing,attention
mil_composition_mixing_attention,hnc_wu2022,motif_cd8_clustering,spatial,False,False,fail_control_block,False,0.8476794489794562,1.0,1.0,0.3333333333333333,3.607107122660711,0.175499194634959,looks_biological_unfaithful,pass_spatial,unfaithful_or_fail,composition_mixing,attention
mil_composition_mixing_attention,hnc_wu2022,motif_immune_exclusion,spatial,True,False,fail_control_block,False,0.9210933502178176,1.0,0.9333333333333332,0.5333333333333333,1.863784204290052,0.1501626385888801,pass_spatial,pass_spatial,pass_spatial,composition_mixing,attention
mil_composition_mixing_attention,tnbc_wang2023,motif_cd8_high,control,True,True,pass_control,False,0.9730582893394994,1.0,1.0,1.0,1.698533913840449,0.1450407888250419,pass_control,pass_control,pass_control,composition_mixing,attention
mil_composition_mixing_ig,bc_jackson2020,motif_apc_t_contact,spatial,False,False,fail_spatial,True,0.643497219345829,0.6,0.0,0.6,1.0808457686271309,0.6485485535980514,faithful_but_wrong_place,abundance_only_or_fail,pass_spatial,composition_mixing,ig
mil_composition_mixing_ig,bc_jackson2020,motif_cd8_tumor_contact,spatial,False,False,fail_spatial,True,0.6627077016787007,0.8666666666666667,0.0,0.8666666666666667,1.22414419190055,0.5899929598768203,faithful_but_wrong_place,abundance_only_or_fail,pass_spatial,composition_mixing,ig
mil_composition_mixing_ig,bc_jackson2020,motif_macrophage_tumor_niche,spatial,False,False,fail_spatial,True,0.5813560851469162,0.4,0.4,0.4,1.9845755206203857,0.7002747101926273,abundance_only_or_fail,abundance_only_or_fail,unfaithful_or_fail,composition_mixing,ig
mil_composition_mixing_ig,bc_jackson2020,motif_t_tumor_mixing,spatial,False,False,fail_spatial,True,0.677509861105593,0.9333333333333332,0.0,0.9333333333333332,1.2315705050710746,0.6009770175002266,faithful_but_wrong_place,abundance_only_or_fail,pass_spatial,composition_mixing,ig
mil_composition_mixing_ig,bc_jackson2020,motif_tumor_high,control,True,True,pass_control,True,0.9429055439254844,0.9333333333333332,0.9333333333333332,0.9333333333333332,2.3674896140629795,0.4983562431203179,pass_control,pass_control,pass_control,composition_mixing,ig
mil_composition_mixing_ig,bc_metabric_ali2020,motif_interface_immune,spatial,True,False,fail_control_block,False,0.6277451341817942,0.7333333333333333,0.5333333333333333,0.7333333333333333,1.480296842432918,0.655654097890504,pass_spatial,pass_spatial,pass_spatial,composition_mixing,ig
mil_composition_mixing_ig,bc_metabric_ali2020,motif_tumor_stroma_mixing,spatial,False,False,fail_control_block,False,0.706919258533313,1.0,0.0,1.0,1.1990532343157885,0.6091611286810964,faithful_but_wrong_place,abundance_only_or_fail,pass_spatial,composition_mixing,ig
mil_composition_mixing_ig,hnc_wu2022,motif_cd8_clustering,spatial,True,True,pass_spatial,True,0.8476794489794562,1.0,1.0,1.0,4.085387822704986,0.590844505506497,pass_spatial,pass_spatial,pass_spatial,composition_mixing,ig
mil_composition_mixing_ig,hnc_wu2022,motif_immune_exclusion,spatial,True,True,pass_spatial,True,0.9210933502178176,1.0,1.0,1.0,2.674076110514664,0.6555692222466303,pass_spatial,pass_spatial,pass_spatial,composition_mixing,ig
mil_composition_mixing_ig,tnbc_wang2023,motif_cd8_high,control,True,True,pass_control,True,0.9730582893394994,1.0,1.0,1.0,2.1051875935208395,0.396501665631031,pass_control,pass_control,pass_control,composition_mixing,ig
mil_composition_mixing_one_removed,bc_jackson2020,motif_apc_t_contact,spatial,False,False,fail_spatial,True,0.643497219345829,0.6,0.0,0.6,1.079522646821592,0.522934767072152,faithful_but_wrong_place,abundance_only_or_fail,pass_spatial,composition_mixing,one_removed
mil_composition_mixing_one_removed,bc_jackson2020,motif_cd8_tumor_contact,spatial,False,False,fail_spatial,True,0.6627077016787007,0.8666666666666667,0.0,0.8666666666666667,1.1870269972456744,0.4625440484460487,faithful_but_wrong_place,abundance_only_or_fail,pass_spatial,composition_mixing,one_removed
mil_composition_mixing_one_removed,bc_jackson2020,motif_macrophage_tumor_niche,spatial,False,False,fail_spatial,True,0.5813560851469162,0.4,0.3333333333333333,0.4,1.854547278384994,0.5800791303577193,abundance_only_or_fail,abundance_only_or_fail,unfaithful_or_fail,composition_mixing,one_removed
mil_composition_mixing_one_removed,bc_jackson2020,motif_t_tumor_mixing,spatial,False,False,fail_spatial,True,0.677509861105593,0.9333333333333332,0.0,0.9333333333333332,1.1833815721945484,0.4783736169681847,faithful_but_wrong_place,abundance_only_or_fail,pass_spatial,composition_mixing,one_removed
mil_composition_mixing_one_removed,bc_jackson2020,motif_tumor_high,control,True,True,pass_control,True,0.9429055439254844,0.9333333333333332,0.9333333333333332,0.9333333333333332,2.1546455815883063,0.3942418333538272,pass_control,pass_control,pass_control,composition_mixing,one_removed
mil_composition_mixing_one_removed,bc_metabric_ali2020,motif_interface_immune,spatial,False,False,fail_control_block,False,0.6277451341817942,0.7333333333333333,0.3333333333333333,0.7333333333333333,1.4366253854202578,0.5461368937136281,faithful_but_wrong_place,abundance_only_or_fail,pass_spatial,composition_mixing,one_removed
mil_composition_mixing_one_removed,bc_metabric_ali2020,motif_tumor_stroma_mixing,spatial,False,False,fail_control_block,False,0.706919258533313,1.0,0.0,1.0,1.1170860921824155,0.5001579146354045,faithful_but_wrong_place,abundance_only_or_fail,pass_spatial,composition_mixing,one_removed
mil_composition_mixing_one_removed,hnc_wu2022,motif_cd8_clustering,spatial,True,True,pass_spatial,True,0.8476794489794562,1.0,1.0,1.0,3.789323988268639,0.4336048721461178,pass_spatial,pass_spatial,pass_spatial,composition_mixing,one_removed
mil_composition_mixing_one_removed,hnc_wu2022,motif_immune_exclusion,spatial,True,True,pass_spatial,True,0.9210933502178176,1.0,1.0,1.0,2.3451472883341684,0.4266741576871959,pass_spatial,pass_spatial,pass_spatial,composition_mixing,one_removed
mil_composition_mixing_one_removed,tnbc_wang2023,motif_cd8_high,control,True,True,pass_control,True,0.9730582893394994,1.0,1.0,1.0,2.063353287089347,0.3110096664817569,pass_control,pass_control,pass_control,composition_mixing,one_removed
mil_composition_mixing_random,bc_jackson2020,motif_apc_t_contact,spatial,False,False,fail_control_block,False,0.643497219345829,0.6,0.0,0.0,1.039480968471474,0.0072111356320042,abundance_only_or_fail,abundance_only_or_fail,unfaithful_or_fail,composition_mixing,random
mil_composition_mixing_random,bc_jackson2020,motif_cd8_tumor_contact,spatial,False,False,fail_control_block,False,0.6627077016787007,0.8666666666666667,0.0,0.0,0.98023659843309,-0.0119209118285762,abundance_only_or_fail,abundance_only_or_fail,unfaithful_or_fail,composition_mixing,random
mil_composition_mixing_random,bc_jackson2020,motif_macrophage_tumor_niche,spatial,False,False,fail_control_block,False,0.5813560851469162,0.4,0.0,0.0,0.936342176848767,0.0076078429279167,abundance_only_or_fail,abundance_only_or_fail,unfaithful_or_fail,composition_mixing,random
mil_composition_mixing_random,bc_jackson2020,motif_t_tumor_mixing,spatial,False,False,fail_control_block,False,0.677509861105593,0.9333333333333332,0.0,0.0,1.0175877984695136,0.0093174153344306,abundance_only_or_fail,abundance_only_or_fail,unfaithful_or_fail,composition_mixing,random
mil_composition_mixing_random,bc_jackson2020,motif_tumor_high,control,False,False,fail_control,False,0.9429055439254844,0.9333333333333332,0.0,0.0,0.9975762916077576,-0.0022522098554806,fail_control,fail_control,fail_control,composition_mixing,random
mil_composition_mixing_random,bc_metabric_ali2020,motif_interface_immune,spatial,False,False,fail_control_block,False,0.6277451341817942,0.7333333333333333,0.0,0.0,0.9948912949544204,-0.0134927704716442,abundance_only_or_fail,abundance_only_or_fail,unfaithful_or_fail,composition_mixing,random
mil_composition_mixing_random,bc_metabric_ali2020,motif_tumor_stroma_mixing,spatial,False,False,fail_control_block,False,0.706919258533313,1.0,0.0,0.0,1.005074129354388,0.0054138289192795,abundance_only_or_fail,abundance_only_or_fail,unfaithful_or_fail,composition_mixing,random
mil_composition_mixing_random,hnc_wu2022,motif_cd8_clustering,spatial,False,False,fail_control_block,False,0.8476794489794562,1.0,0.0,0.0666666666666666,0.9701513572630128,0.0002980392963678,abundance_only_or_fail,abundance_only_or_fail,unfaithful_or_fail,composition_mixing,random
mil_composition_mixing_random,hnc_wu2022,motif_immune_exclusion,spatial,False,False,fail_control_block,False,0.9210933502178176,1.0,0.0,0.0666666666666666,0.9866286098333364,-0.0049308236162098,abundance_only_or_fail,abundance_only_or_fail,unfaithful_or_fail,composition_mixing,random
mil_composition_mixing_random,tnbc_wang2023,motif_cd8_high,control,False,False,fail_control,False,0.9730582893394994,1.0,0.0,0.0,1.0119126068153197,0.0021787453139892,fail_control,fail_control,fail_control,composition_mixing,random
mil_composition_mixing_single,bc_jackson2020,motif_apc_t_contact,spatial,False,False,fail_spatial,True,0.643497219345829,0.6,0.0,0.6,1.1397456736604437,0.7244139515733795,faithful_but_wrong_place,abundance_only_or_fail,pass_spatial,composition_mixing,single
mil_composition_mixing_single,bc_jackson2020,motif_cd8_tumor_contact,spatial,False,False,fail_spatial,True,0.6627077016787007,0.8666666666666667,0.0,0.8666666666666667,1.189190684226652,0.6681203982914169,faithful_but_wrong_place,abundance_only_or_fail,pass_spatial,composition_mixing,single
mil_composition_mixing_single,bc_jackson2020,motif_macrophage_tumor_niche,spatial,False,False,fail_spatial,True,0.5813560851469162,0.4,0.4,0.4,1.966957927315424,0.7603368741110064,abundance_only_or_fail,abundance_only_or_fail,unfaithful_or_fail,composition_mixing,single
mil_composition_mixing_single,bc_jackson2020,motif_t_tumor_mixing,spatial,False,False,fail_spatial,True,0.677509861105593,0.9333333333333332,0.0,0.9333333333333332,1.217872352860348,0.6716004612390438,faithful_but_wrong_place,abundance_only_or_fail,pass_spatial,composition_mixing,single
mil_composition_mixing_single,bc_jackson2020,motif_tumor_high,control,True,True,pass_control,True,0.9429055439254844,0.9333333333333332,0.9333333333333332,0.9333333333333332,2.429869906136257,0.5342081934801058,pass_control,pass_control,pass_control,composition_mixing,single
mil_composition_mixing_single,bc_metabric_ali2020,motif_interface_immune,spatial,True,False,fail_control_block,False,0.6277451341817942,0.7333333333333333,0.5333333333333333,0.7333333333333333,1.5037564349265795,0.7230392126187267,pass_spatial,pass_spatial,pass_spatial,composition_mixing,single
mil_composition_mixing_single,bc_metabric_ali2020,motif_tumor_stroma_mixing,spatial,False,False,fail_control_block,False,0.706919258533313,1.0,0.0,1.0,0.9643066227693624,0.6723435516549823,faithful_but_wrong_place,abundance_only_or_fail,pass_spatial,composition_mixing,single
mil_composition_mixing_single,hnc_wu2022,motif_cd8_clustering,spatial,True,True,pass_spatial,True,0.8476794489794562,1.0,1.0,1.0,3.6347569474231967,0.7004554047709411,pass_spatial,pass_spatial,pass_spatial,composition_mixing,single
mil_composition_mixing_single,hnc_wu2022,motif_immune_exclusion,spatial,True,True,pass_spatial,True,0.9210933502178176,1.0,1.0,1.0,2.789882345268609,0.7191326004685686,pass_spatial,pass_spatial,pass_spatial,composition_mixing,single
mil_composition_mixing_single,tnbc_wang2023,motif_cd8_high,control,True,True,pass_control,True,0.9730582893394994,1.0,1.0,1.0,2.110782666838023,0.4307871924070701,pass_control,pass_control,pass_control,composition_mixing,single
mil_composition_celltype_density_attention,bc_jackson2020,motif_apc_t_contact,spatial,False,False,fail_spatial,True,0.60787654647746,0.4,0.0,0.4,0.5169309936071905,0.1336529875015199,abundance_only_or_fail,abundance_only_or_fail,unfaithful_or_fail,composition_celltype_density,attention
mil_composition_celltype_density_attention,bc_jackson2020,motif_cd8_tumor_contact,spatial,False,False,fail_spatial,True,0.8565223859176463,1.0,0.6666666666666666,0.0,1.5351009964854605,-0.2175720097251851,looks_biological_unfaithful,pass_spatial,unfaithful_or_fail,composition_celltype_density,attention
mil_composition_celltype_density_attention,bc_jackson2020,motif_macrophage_tumor_niche,spatial,False,False,fail_spatial,True,0.6700957888590963,0.8,0.5333333333333333,0.0,1.8036140384954955,-0.2046598820729153,looks_biological_unfaithful,pass_spatial,unfaithful_or_fail,composition_celltype_density,attention
mil_composition_celltype_density_attention,bc_jackson2020,motif_t_tumor_mixing,spatial,False,False,fail_spatial,True,0.8320070142373751,1.0,0.5333333333333333,0.0,1.4363765345259507,-0.2233932842778953,looks_biological_unfaithful,pass_spatial,unfaithful_or_fail,composition_celltype_density,attention
mil_composition_celltype_density_attention,bc_jackson2020,motif_tumor_high,control,True,True,pass_control,True,0.9808563178654868,1.0,1.0,1.0,1.6495338321401458,0.1805943732035823,pass_control,pass_control,pass_control,composition_celltype_density,attention
mil_composition_celltype_density_attention,bc_metabric_ali2020,motif_interface_immune,spatial,False,False,fail_control_block,False,0.5810796544449468,0.4,0.0,0.2,1.0024312648715077,0.0709011429770124,abundance_only_or_fail,abundance_only_or_fail,unfaithful_or_fail,composition_celltype_density,attention
mil_composition_celltype_density_attention,bc_metabric_ali2020,motif_tumor_stroma_mixing,spatial,False,False,fail_control_block,False,0.7379467821325059,0.8666666666666667,0.0,0.0,1.3045314607945695,-0.2248431488612512,abundance_only_or_fail,abundance_only_or_fail,unfaithful_or_fail,composition_celltype_density,attention
mil_composition_celltype_density_attention,hnc_wu2022,motif_cd8_clustering,spatial,True,False,fail_control_block,False,0.8875392474511771,1.0,1.0,1.0,4.680531971968187,0.3481757542702231,pass_spatial,pass_spatial,pass_spatial,composition_celltype_density,attention
mil_composition_celltype_density_attention,hnc_wu2022,motif_immune_exclusion,spatial,True,False,fail_control_block,False,0.8777308351080796,1.0,0.9333333333333332,0.8666666666666667,1.7628187880768798,0.2715583396114974,pass_spatial,pass_spatial,pass_spatial,composition_celltype_density,attention
mil_composition_celltype_density_attention,tnbc_wang2023,motif_cd8_high,control,False,False,fail_control,False,0.9690458191268818,1.0,0.4666666666666667,0.6666666666666666,1.687749756254687,0.1430446651744245,fail_control,fail_control,pass_control,composition_celltype_density,attention
mil_composition_celltype_density_ig,bc_jackson2020,motif_apc_t_contact,spatial,False,False,fail_spatial,True,0.60787654647746,0.4,0.0,0.4,0.6268664923814237,0.3075234848555926,abundance_only_or_fail,abundance_only_or_fail,unfaithful_or_fail,composition_celltype_density,ig
mil_composition_celltype_density_ig,bc_jackson2020,motif_cd8_tumor_contact,spatial,True,True,pass_spatial,True,0.8565223859176463,1.0,1.0,1.0,1.6933294957773526,0.2839287634333481,pass_spatial,pass_spatial,pass_spatial,composition_celltype_density,ig
mil_composition_celltype_density_ig,bc_jackson2020,motif_macrophage_tumor_niche,spatial,True,True,pass_spatial,True,0.6700957888590963,0.8,0.6666666666666666,0.8,1.8947998773654915,0.3252819255612457,pass_spatial,pass_spatial,pass_spatial,composition_celltype_density,ig
mil_composition_celltype_density_ig,bc_jackson2020,motif_t_tumor_mixing,spatial,True,True,pass_spatial,True,0.8320070142373751,1.0,1.0,1.0,1.6464315792663409,0.2915799656661392,pass_spatial,pass_spatial,pass_spatial,composition_celltype_density,ig
mil_composition_celltype_density_ig,bc_jackson2020,motif_tumor_high,control,True,True,pass_control,True,0.9808563178654868,1.0,1.0,1.0,2.750882807119452,0.4346166663070445,pass_control,pass_control,pass_control,composition_celltype_density,ig
mil_composition_celltype_density_ig,bc_metabric_ali2020,motif_interface_immune,spatial,False,False,fail_control_block,False,0.5810796544449468,0.4,0.0666666666666666,0.4,1.1167864305770143,0.4301459201134009,abundance_only_or_fail,abundance_only_or_fail,unfaithful_or_fail,composition_celltype_density,ig
mil_composition_celltype_density_ig,bc_metabric_ali2020,motif_tumor_stroma_mixing,spatial,False,False,fail_control_block,False,0.7379467821325059,0.8666666666666667,0.0666666666666666,0.8666666666666667,1.360552222482874,0.3456075023890032,faithful_but_wrong_place,abundance_only_or_fail,pass_spatial,composition_celltype_density,ig
mil_composition_celltype_density_ig,hnc_wu2022,motif_cd8_clustering,spatial,True,True,pass_spatial,True,0.8875392474511771,1.0,1.0,1.0,4.227645979803873,0.4086187302027236,pass_spatial,pass_spatial,pass_spatial,composition_celltype_density,ig
mil_composition_celltype_density_ig,hnc_wu2022,motif_immune_exclusion,spatial,True,True,pass_spatial,True,0.8777308351080796,1.0,1.0,1.0,2.829286494896264,0.5637435760691815,pass_spatial,pass_spatial,pass_spatial,composition_celltype_density,ig
mil_composition_celltype_density_ig,tnbc_wang2023,motif_cd8_high,control,True,True,pass_control,True,0.9690458191268818,1.0,1.0,1.0,2.167795357209516,0.3017519229287111,pass_control,pass_control,pass_control,composition_celltype_density,ig
mil_composition_celltype_density_one_removed,bc_jackson2020,motif_apc_t_contact,spatial,False,False,fail_spatial,True,0.60787654647746,0.4,0.0,0.4,0.7168200084411144,0.2806285387017869,abundance_only_or_fail,abundance_only_or_fail,unfaithful_or_fail,composition_celltype_density,one_removed
mil_composition_celltype_density_one_removed,bc_jackson2020,motif_cd8_tumor_contact,spatial,True,True,pass_spatial,True,0.8565223859176463,1.0,0.9333333333333332,1.0,1.6348171764574682,0.2604062849340252,pass_spatial,pass_spatial,pass_spatial,composition_celltype_density,one_removed
mil_composition_celltype_density_one_removed,bc_jackson2020,motif_macrophage_tumor_niche,spatial,True,True,pass_spatial,True,0.6700957888590963,0.8,0.7333333333333333,0.8,2.043193887730808,0.3045239726527434,pass_spatial,pass_spatial,pass_spatial,composition_celltype_density,one_removed
mil_composition_celltype_density_one_removed,bc_jackson2020,motif_t_tumor_mixing,spatial,True,True,pass_spatial,True,0.8320070142373751,1.0,0.8666666666666667,1.0,1.5400463016306607,0.2616390120394441,pass_spatial,pass_spatial,pass_spatial,composition_celltype_density,one_removed
mil_composition_celltype_density_one_removed,bc_jackson2020,motif_tumor_high,control,True,True,pass_control,True,0.9808563178654868,1.0,1.0,1.0,2.578372547713192,0.3622395619634311,pass_control,pass_control,pass_control,composition_celltype_density,one_removed
mil_composition_celltype_density_one_removed,bc_metabric_ali2020,motif_interface_immune,spatial,False,False,fail_control_block,False,0.5810796544449468,0.4,0.0,0.4,1.0868134455388043,0.3593170993087136,abundance_only_or_fail,abundance_only_or_fail,unfaithful_or_fail,composition_celltype_density,one_removed
mil_composition_celltype_density_one_removed,bc_metabric_ali2020,motif_tumor_stroma_mixing,spatial,False,False,fail_control_block,False,0.7379467821325059,0.8666666666666667,0.0,0.8666666666666667,1.1070430420171928,0.2827003985767247,faithful_but_wrong_place,abundance_only_or_fail,pass_spatial,composition_celltype_density,one_removed
mil_composition_celltype_density_one_removed,hnc_wu2022,motif_cd8_clustering,spatial,True,True,pass_spatial,True,0.8875392474511771,1.0,1.0,1.0,4.113457108165074,0.3165696012494838,pass_spatial,pass_spatial,pass_spatial,composition_celltype_density,one_removed
mil_composition_celltype_density_one_removed,hnc_wu2022,motif_immune_exclusion,spatial,True,True,pass_spatial,True,0.8777308351080796,1.0,1.0,1.0,2.543340238285789,0.4073201522688553,pass_spatial,pass_spatial,pass_spatial,composition_celltype_density,one_removed
mil_composition_celltype_density_one_removed,tnbc_wang2023,motif_cd8_high,control,True,True,pass_control,True,0.9690458191268818,1.0,1.0,1.0,2.029206630383664,0.2112576605934677,pass_control,pass_control,pass_control,composition_celltype_density,one_removed
mil_composition_celltype_density_random,bc_jackson2020,motif_apc_t_contact,spatial,False,False,fail_control_block,False,0.60787654647746,0.4,0.0,0.0666666666666666,0.9875193762421208,-0.0026139061397818,abundance_only_or_fail,abundance_only_or_fail,unfaithful_or_fail,composition_celltype_density,random
mil_composition_celltype_density_random,bc_jackson2020,motif_cd8_tumor_contact,spatial,False,False,fail_control_block,False,0.8565223859176463,1.0,0.0,0.0,0.9997470231090676,1.241819661142174e-05,abundance_only_or_fail,abundance_only_or_fail,unfaithful_or_fail,composition_celltype_density,random
mil_composition_celltype_density_random,bc_jackson2020,motif_macrophage_tumor_niche,spatial,False,False,fail_control_block,False,0.6700957888590963,0.8,0.0,0.0,1.0081920190243083,0.0060659157707204,abundance_only_or_fail,abundance_only_or_fail,unfaithful_or_fail,composition_celltype_density,random
mil_composition_celltype_density_random,bc_jackson2020,motif_t_tumor_mixing,spatial,False,False,fail_control_block,False,0.8320070142373751,1.0,0.0,0.0,0.980899361739336,-0.0061944643584833,abundance_only_or_fail,abundance_only_or_fail,unfaithful_or_fail,composition_celltype_density,random
mil_composition_celltype_density_random,bc_jackson2020,motif_tumor_high,control,False,False,fail_control,False,0.9808563178654868,1.0,0.0,0.0,0.9850919914430034,0.0012792821759822,fail_control,fail_control,fail_control,composition_celltype_density,random
mil_composition_celltype_density_random,bc_metabric_ali2020,motif_interface_immune,spatial,False,False,fail_control_block,False,0.5810796544449468,0.4,0.0,0.0,0.9555368296352428,-0.0052903415402614,abundance_only_or_fail,abundance_only_or_fail,unfaithful_or_fail,composition_celltype_density,random
mil_composition_celltype_density_random,bc_metabric_ali2020,motif_tumor_stroma_mixing,spatial,False,False,fail_control_block,False,0.7379467821325059,0.8666666666666667,0.0,0.0,1.006733022431893,0.0052233364512042,abundance_only_or_fail,abundance_only_or_fail,unfaithful_or_fail,composition_celltype_density,random
mil_composition_celltype_density_random,hnc_wu2022,motif_cd8_clustering,spatial,False,False,fail_control_block,False,0.8875392474511771,1.0,0.0,0.0,0.9701513572630128,0.0002617632376612,abundance_only_or_fail,abundance_only_or_fail,unfaithful_or_fail,composition_celltype_density,random
mil_composition_celltype_density_random,hnc_wu2022,motif_immune_exclusion,spatial,False,False,fail_control_block,False,0.8777308351080796,1.0,0.0,0.0,0.9866286098333364,-0.0043282484073858,abundance_only_or_fail,abundance_only_or_fail,unfaithful_or_fail,composition_celltype_density,random
mil_composition_celltype_density_random,tnbc_wang2023,motif_cd8_high,control,False,False,fail_control,False,0.9690458191268818,1.0,0.0,0.0,1.0119126068153197,0.0012425525865965,fail_control,fail_control,fail_control,composition_celltype_density,random
mil_composition_celltype_density_single,bc_jackson2020,motif_apc_t_contact,spatial,False,False,fail_spatial,True,0.60787654647746,0.4,0.0,0.4,0.9471880879786566,0.4099332999772456,abundance_only_or_fail,abundance_only_or_fail,unfaithful_or_fail,composition_celltype_density,single
mil_composition_celltype_density_single,bc_jackson2020,motif_cd8_tumor_contact,spatial,False,False,fail_spatial,True,0.8565223859176463,1.0,0.0,1.0,0.7275764814851744,0.3884777446912386,faithful_but_wrong_place,abundance_only_or_fail,pass_spatial,composition_celltype_density,single
mil_composition_celltype_density_single,bc_jackson2020,motif_macrophage_tumor_niche,spatial,False,False,fail_spatial,True,0.6700957888590963,0.8,0.0666666666666666,0.8,1.1611159119131027,0.4302539059590243,faithful_but_wrong_place,abundance_only_or_fail,pass_spatial,composition_celltype_density,single
mil_composition_celltype_density_single,bc_jackson2020,motif_t_tumor_mixing,spatial,False,False,fail_spatial,True,0.8320070142373751,1.0,0.0,1.0,0.7535363683841108,0.3871835792917809,faithful_but_wrong_place,abundance_only_or_fail,pass_spatial,composition_celltype_density,single
mil_composition_celltype_density_single,bc_jackson2020,motif_tumor_high,control,True,True,pass_control,True,0.9808563178654868,1.0,1.0,1.0,2.7746408866772883,0.4661655632765791,pass_control,pass_control,pass_control,composition_celltype_density,single
mil_composition_celltype_density_single,bc_metabric_ali2020,motif_interface_immune,spatial,False,False,fail_control_block,False,0.5810796544449468,0.4,0.0,0.4,1.1132383823949743,0.5145058244647611,abundance_only_or_fail,abundance_only_or_fail,unfaithful_or_fail,composition_celltype_density,single
mil_composition_celltype_density_single,bc_metabric_ali2020,motif_tumor_stroma_mixing,spatial,False,False,fail_control_block,False,0.7379467821325059,0.8666666666666667,0.0,0.8666666666666667,0.6531951263396577,0.4269203313131787,faithful_but_wrong_place,abundance_only_or_fail,pass_spatial,composition_celltype_density,single
mil_composition_celltype_density_single,hnc_wu2022,motif_cd8_clustering,spatial,True,True,pass_spatial,True,0.8875392474511771,1.0,1.0,1.0,4.981737257181812,0.5180507672037553,pass_spatial,pass_spatial,pass_spatial,composition_celltype_density,single
mil_composition_celltype_density_single,hnc_wu2022,motif_immune_exclusion,spatial,True,True,pass_spatial,True,0.8777308351080796,1.0,1.0,1.0,3.3128082857468923,0.5889244873817062,pass_spatial,pass_spatial,pass_spatial,composition_celltype_density,single
mil_composition_celltype_density_single,tnbc_wang2023,motif_cd8_high,control,True,True,pass_control,True,0.9690458191268818,1.0,1.0,1.0,2.21203561640722,0.3922257497411575,pass_control,pass_control,pass_control,composition_celltype_density,single
mil_mixing_celltype_density_attention,bc_jackson2020,motif_apc_t_contact,spatial,False,False,fail_spatial,True,0.6516337804427669,0.6666666666666666,0.0,0.6666666666666666,0.8257329574103615,0.2332388579559327,faithful_but_wrong_place,abundance_only_or_fail,pass_spatial,mixing_celltype_density,attention
mil_mixing_celltype_density_attention,bc_jackson2020,motif_cd8_tumor_contact,spatial,False,False,fail_spatial,True,0.6609460973112126,0.9333333333333332,0.0,0.6666666666666666,1.2003260625009966,-0.0184102727634031,faithful_but_wrong_place,abundance_only_or_fail,pass_spatial,mixing_celltype_density,attention
mil_mixing_celltype_density_attention,bc_jackson2020,motif_macrophage_tumor_niche,spatial,False,False,fail_spatial,True,0.5888883488290945,0.2666666666666666,0.0666666666666666,0.0,1.5089135769491249,-0.1148138056576627,abundance_only_or_fail,abundance_only_or_fail,unfaithful_or_fail,mixing_celltype_density,attention
mil_mixing_celltype_density_attention,bc_jackson2020,motif_t_tumor_mixing,spatial,False,False,fail_spatial,True,0.6631266057404449,0.8666666666666667,0.0,0.5333333333333333,1.1840009678854535,-0.0208266239513955,faithful_but_wrong_place,abundance_only_or_fail,pass_spatial,mixing_celltype_density,attention
mil_mixing_celltype_density_attention,bc_jackson2020,motif_tumor_high,control,True,True,pass_control,True,0.9489129084197953,1.0,1.0,1.0,1.423981836898968,0.1868690394647084,pass_control,pass_control,pass_control,mixing_celltype_density,attention
mil_mixing_celltype_density_attention,bc_metabric_ali2020,motif_interface_immune,spatial,False,False,fail_control_block,False,0.6281993565059459,0.8,0.2,0.2666666666666666,1.3364118401486549,0.0833311669793687,abundance_only_or_fail,abundance_only_or_fail,unfaithful_or_fail,mixing_celltype_density,attention
mil_mixing_celltype_density_attention,bc_metabric_ali2020,motif_tumor_stroma_mixing,spatial,False,False,fail_control_block,False,0.711175811658842,1.0,0.0,0.0,1.264638941931888,-0.2492265297173636,abundance_only_or_fail,abundance_only_or_fail,unfaithful_or_fail,mixing_celltype_density,attention
mil_mixing_celltype_density_attention,hnc_wu2022,motif_cd8_clustering,spatial,False,False,fail_control_block,False,0.8530006340868664,1.0,1.0,0.4666666666666667,3.748093449545514,0.137962017605597,looks_biological_unfaithful,pass_spatial,unfaithful_or_fail,mixing_celltype_density,attention
mil_mixing_celltype_density_attention,hnc_wu2022,motif_immune_exclusion,spatial,True,False,fail_control_block,False,0.9246521777635164,1.0,1.0,0.5333333333333333,1.8964968869116563,0.1522439334960317,pass_spatial,pass_spatial,pass_spatial,mixing_celltype_density,attention
mil_mixing_celltype_density_attention,tnbc_wang2023,motif_cd8_high,control,True,True,pass_control,False,0.973860347521411,1.0,0.9333333333333332,1.0,1.694134652277475,0.1493775209754032,pass_control,pass_control,pass_control,mixing_celltype_density,attention
mil_mixing_celltype_density_ig,bc_jackson2020,motif_apc_t_contact,spatial,False,False,fail_spatial,True,0.6516337804427669,0.6666666666666666,0.0,0.6666666666666666,1.011449998880252,0.6507626835639065,faithful_but_wrong_place,abundance_only_or_fail,pass_spatial,mixing_celltype_density,ig
mil_mixing_celltype_density_ig,bc_jackson2020,motif_cd8_tumor_contact,spatial,False,False,fail_spatial,True,0.6609460973112126,0.9333333333333332,0.1333333333333333,0.9333333333333332,1.2392396504005183,0.5906554610682317,faithful_but_wrong_place,abundance_only_or_fail,pass_spatial,mixing_celltype_density,ig
mil_mixing_celltype_density_ig,bc_jackson2020,motif_macrophage_tumor_niche,spatial,False,False,fail_spatial,True,0.5888883488290945,0.2666666666666666,0.2666666666666666,0.2666666666666666,1.8995691672955632,0.6906638967449872,abundance_only_or_fail,abundance_only_or_fail,unfaithful_or_fail,mixing_celltype_density,ig
mil_mixing_celltype_density_ig,bc_jackson2020,motif_t_tumor_mixing,spatial,False,False,fail_spatial,True,0.6631266057404449,0.8666666666666667,0.0666666666666666,0.8666666666666667,1.2572665074096316,0.6005493584109863,faithful_but_wrong_place,abundance_only_or_fail,pass_spatial,mixing_celltype_density,ig
mil_mixing_celltype_density_ig,bc_jackson2020,motif_tumor_high,control,True,True,pass_control,True,0.9489129084197953,1.0,1.0,1.0,2.379398650977467,0.5051507386591924,pass_control,pass_control,pass_control,mixing_celltype_density,ig
mil_mixing_celltype_density_ig,bc_metabric_ali2020,motif_interface_immune,spatial,True,False,fail_control_block,False,0.6281993565059459,0.8,0.5333333333333333,0.8,1.467029010181669,0.6503955181198234,pass_spatial,pass_spatial,pass_spatial,mixing_celltype_density,ig
mil_mixing_celltype_density_ig,bc_metabric_ali2020,motif_tumor_stroma_mixing,spatial,False,False,fail_control_block,False,0.711175811658842,1.0,0.0,1.0,1.158085515509985,0.6122408784545527,faithful_but_wrong_place,abundance_only_or_fail,pass_spatial,mixing_celltype_density,ig
mil_mixing_celltype_density_ig,hnc_wu2022,motif_cd8_clustering,spatial,True,True,pass_spatial,True,0.8530006340868664,1.0,1.0,1.0,4.194432221899772,0.5854623682041246,pass_spatial,pass_spatial,pass_spatial,mixing_celltype_density,ig
mil_mixing_celltype_density_ig,hnc_wu2022,motif_immune_exclusion,spatial,True,True,pass_spatial,True,0.9246521777635164,1.0,1.0,1.0,2.785136286999021,0.6493783606453494,pass_spatial,pass_spatial,pass_spatial,mixing_celltype_density,ig
mil_mixing_celltype_density_ig,tnbc_wang2023,motif_cd8_high,control,True,True,pass_control,True,0.973860347521411,1.0,1.0,1.0,2.108208411136709,0.3962631228539129,pass_control,pass_control,pass_control,mixing_celltype_density,ig
mil_mixing_celltype_density_one_removed,bc_jackson2020,motif_apc_t_contact,spatial,False,False,fail_spatial,True,0.6516337804427669,0.6666666666666666,0.0,0.6666666666666666,1.1118866313088644,0.5153001587337425,faithful_but_wrong_place,abundance_only_or_fail,pass_spatial,mixing_celltype_density,one_removed
mil_mixing_celltype_density_one_removed,bc_jackson2020,motif_cd8_tumor_contact,spatial,False,False,fail_spatial,True,0.6609460973112126,0.9333333333333332,0.0666666666666666,0.9333333333333332,1.194871529754194,0.4709752849882392,faithful_but_wrong_place,abundance_only_or_fail,pass_spatial,mixing_celltype_density,one_removed
mil_mixing_celltype_density_one_removed,bc_jackson2020,motif_macrophage_tumor_niche,spatial,False,False,fail_spatial,True,0.5888883488290945,0.2666666666666666,0.2666666666666666,0.2666666666666666,1.7916126395098275,0.5634083673493482,abundance_only_or_fail,abundance_only_or_fail,unfaithful_or_fail,mixing_celltype_density,one_removed
mil_mixing_celltype_density_one_removed,bc_jackson2020,motif_t_tumor_mixing,spatial,False,False,fail_spatial,True,0.6631266057404449,0.8666666666666667,0.0666666666666666,0.8666666666666667,1.222426496883591,0.4774001647923712,faithful_but_wrong_place,abundance_only_or_fail,pass_spatial,mixing_celltype_density,one_removed
mil_mixing_celltype_density_one_removed,bc_jackson2020,motif_tumor_high,control,True,True,pass_control,True,0.9489129084197953,1.0,1.0,1.0,2.151332700743478,0.394168921333913,pass_control,pass_control,pass_control,mixing_celltype_density,one_removed
mil_mixing_celltype_density_one_removed,bc_metabric_ali2020,motif_interface_immune,spatial,True,False,fail_control_block,False,0.6281993565059459,0.8,0.6,0.8,1.4591152806802885,0.5375515351724695,pass_spatial,pass_spatial,pass_spatial,mixing_celltype_density,one_removed
mil_mixing_celltype_density_one_removed,bc_metabric_ali2020,motif_tumor_stroma_mixing,spatial,False,False,fail_control_block,False,0.711175811658842,1.0,0.0,1.0,1.13920340445834,0.5003259599952147,faithful_but_wrong_place,abundance_only_or_fail,pass_spatial,mixing_celltype_density,one_removed
mil_mixing_celltype_density_one_removed,hnc_wu2022,motif_cd8_clustering,spatial,True,True,pass_spatial,True,0.8530006340868664,1.0,1.0,1.0,3.789093275480092,0.4239985580563001,pass_spatial,pass_spatial,pass_spatial,mixing_celltype_density,one_removed
mil_mixing_celltype_density_one_removed,hnc_wu2022,motif_immune_exclusion,spatial,True,True,pass_spatial,True,0.9246521777635164,1.0,1.0,1.0,2.477198874325541,0.4118914849992496,pass_spatial,pass_spatial,pass_spatial,mixing_celltype_density,one_removed
mil_mixing_celltype_density_one_removed,tnbc_wang2023,motif_cd8_high,control,True,True,pass_control,True,0.973860347521411,1.0,1.0,1.0,2.05878801107282,0.3090150961468058,pass_control,pass_control,pass_control,mixing_celltype_density,one_removed
mil_mixing_celltype_density_random,bc_jackson2020,motif_apc_t_contact,spatial,False,False,fail_control_block,False,0.6516337804427669,0.6666666666666666,0.0,0.0,1.031851578397028,0.0089969606944678,abundance_only_or_fail,abundance_only_or_fail,unfaithful_or_fail,mixing_celltype_density,random
mil_mixing_celltype_density_random,bc_jackson2020,motif_cd8_tumor_contact,spatial,False,False,fail_control_block,False,0.6609460973112126,0.9333333333333332,0.0,0.0,0.998796288673754,0.0055178933182988,abundance_only_or_fail,abundance_only_or_fail,unfaithful_or_fail,mixing_celltype_density,random
mil_mixing_celltype_density_random,bc_jackson2020,motif_macrophage_tumor_niche,spatial,False,False,fail_control_block,False,0.5888883488290945,0.2666666666666666,0.0,0.0,0.9920885011441184,-0.0132352034754213,abundance_only_or_fail,abundance_only_or_fail,unfaithful_or_fail,mixing_celltype_density,random
mil_mixing_celltype_density_random,bc_jackson2020,motif_t_tumor_mixing,spatial,False,False,fail_control_block,False,0.6631266057404449,0.8666666666666667,0.0,0.0,0.9974738963368268,-0.002133170817935,abundance_only_or_fail,abundance_only_or_fail,unfaithful_or_fail,mixing_celltype_density,random
mil_mixing_celltype_density_random,bc_jackson2020,motif_tumor_high,control,False,False,fail_control,False,0.9489129084197953,1.0,0.0,0.0,1.0099472717962923,0.0115594569023229,fail_control,fail_control,fail_control,mixing_celltype_density,random
mil_mixing_celltype_density_random,bc_metabric_ali2020,motif_interface_immune,spatial,False,False,fail_control_block,False,0.6281993565059459,0.8,0.0,0.0666666666666666,1.0282246104543844,0.0003821045951795,abundance_only_or_fail,abundance_only_or_fail,unfaithful_or_fail,mixing_celltype_density,random
mil_mixing_celltype_density_random,bc_metabric_ali2020,motif_tumor_stroma_mixing,spatial,False,False,fail_control_block,False,0.711175811658842,1.0,0.0,0.0,1.0093910589632824,0.0003503880097717,abundance_only_or_fail,abundance_only_or_fail,unfaithful_or_fail,mixing_celltype_density,random
mil_mixing_celltype_density_random,hnc_wu2022,motif_cd8_clustering,spatial,False,False,fail_control_block,False,0.8530006340868664,1.0,0.0,0.0,0.9701513572630128,-0.004972668430932,abundance_only_or_fail,abundance_only_or_fail,unfaithful_or_fail,mixing_celltype_density,random
mil_mixing_celltype_density_random,hnc_wu2022,motif_immune_exclusion,spatial,False,False,fail_control_block,False,0.9246521777635164,1.0,0.0,0.0,0.9866286098333364,0.0001478964907995,abundance_only_or_fail,abundance_only_or_fail,unfaithful_or_fail,mixing_celltype_density,random
mil_mixing_celltype_density_random,tnbc_wang2023,motif_cd8_high,control,False,False,fail_control,False,0.973860347521411,1.0,0.0,0.0,1.0119126068153197,0.0027120819461787,fail_control,fail_control,fail_control,mixing_celltype_density,random
mil_mixing_celltype_density_single,bc_jackson2020,motif_apc_t_contact,spatial,False,False,fail_spatial,True,0.6516337804427669,0.6666666666666666,0.0,0.6666666666666666,1.19147305331125,0.7317232448375262,faithful_but_wrong_place,abundance_only_or_fail,pass_spatial,mixing_celltype_density,single
mil_mixing_celltype_density_single,bc_jackson2020,motif_cd8_tumor_contact,spatial,False,False,fail_spatial,True,0.6609460973112126,0.9333333333333332,0.0666666666666666,0.9333333333333332,1.204509264201017,0.6726715001655821,faithful_but_wrong_place,abundance_only_or_fail,pass_spatial,mixing_celltype_density,single
mil_mixing_celltype_density_single,bc_jackson2020,motif_macrophage_tumor_niche,spatial,False,False,fail_spatial,True,0.5888883488290945,0.2666666666666666,0.2666666666666666,0.2666666666666666,1.919571365113327,0.7562973388356244,abundance_only_or_fail,abundance_only_or_fail,unfaithful_or_fail,mixing_celltype_density,single
mil_mixing_celltype_density_single,bc_jackson2020,motif_t_tumor_mixing,spatial,False,False,fail_spatial,True,0.6631266057404449,0.8666666666666667,0.0,0.8666666666666667,1.2121964223874742,0.6721957912865408,faithful_but_wrong_place,abundance_only_or_fail,pass_spatial,mixing_celltype_density,single
mil_mixing_celltype_density_single,bc_jackson2020,motif_tumor_high,control,True,True,pass_control,True,0.9489129084197953,1.0,1.0,1.0,2.4226880234623978,0.5367700375275413,pass_control,pass_control,pass_control,mixing_celltype_density,single
mil_mixing_celltype_density_single,bc_metabric_ali2020,motif_interface_immune,spatial,True,False,fail_control_block,False,0.6281993565059459,0.8,0.6,0.8,1.50659321576339,0.7180687238189655,pass_spatial,pass_spatial,pass_spatial,mixing_celltype_density,single
mil_mixing_celltype_density_single,bc_metabric_ali2020,motif_tumor_stroma_mixing,spatial,False,False,fail_control_block,False,0.711175811658842,1.0,0.0,1.0,0.966229058485144,0.6790147516571696,faithful_but_wrong_place,abundance_only_or_fail,pass_spatial,mixing_celltype_density,single
mil_mixing_celltype_density_single,hnc_wu2022,motif_cd8_clustering,spatial,True,True,pass_spatial,True,0.8530006340868664,1.0,1.0,1.0,3.685141254900319,0.7017934263944856,pass_spatial,pass_spatial,pass_spatial,mixing_celltype_density,single
mil_mixing_celltype_density_single,hnc_wu2022,motif_immune_exclusion,spatial,True,True,pass_spatial,True,0.9246521777635164,1.0,1.0,1.0,2.9675768993518785,0.7128440508074433,pass_spatial,pass_spatial,pass_spatial,mixing_celltype_density,single
mil_mixing_celltype_density_single,tnbc_wang2023,motif_cd8_high,control,True,True,pass_control,True,0.973860347521411,1.0,1.0,1.0,2.1041120656667847,0.4297693032885548,pass_control,pass_control,pass_control,mixing_celltype_density,single
