task,kind,explainer,n_folds,mean_auc,frac_auc_passed,mean_loc_auprc,mean_loc_auprc2,mean_loc_enrichment,frac_loc_passed,mean_aupc_morf,mean_aupc_lerf,mean_delta_lerf_morf,frac_faith_passed,control_auc_frac,control_loc_frac,control_frac_passed,loc_verdict,faith_verdict,verdict,p_morf_lt_random,dataset,selected,combo
motif_apc_t_contact,spatial,ig,15,0.5928677887357765,0.5333333333333333,0.4218677720311456,0.4085070463338723,1.255021273933731,0.0,0.1772710597343847,0.7952686539236835,0.6179975941892986,0.5333333333333333,0.0,0.0,0.0,fail_control_block,fail_control_block,fail_control_block,1.0118020946501876e-08,bc_jackson2020,True,composition_mixing
motif_cd8_high,control,ig,15,0.8267351900104241,0.0,,,,0.0,,,,0.0,0.0,0.0,0.0,fail_control,fail_control,fail_control,,bc_jackson2020,False,composition_mixing
motif_cd8_tumor_contact,spatial,ig,15,0.6783878754030727,0.8,0.49271889141143,0.3944604901690969,1.3298020453529813,0.2666666666666666,0.2172503010201424,0.7781142461746359,0.5608639451544936,0.8,0.0,0.0,0.0,fail_control_block,fail_control_block,fail_control_block,3.22560639569446e-12,bc_jackson2020,True,composition_mixing
motif_macrophage_tumor_niche,spatial,ig,15,0.5348647141655056,0.1333333333333333,0.4249931776193625,0.3962224435599046,1.7584837567431548,0.1333333333333333,0.1969327379878612,0.8618158732709442,0.6648831352830828,0.1333333333333333,0.0,0.0,0.0,fail_control_block,fail_control_block,fail_control_block,0.0132168364312878,bc_jackson2020,True,composition_mixing
motif_t_tumor_mixing,spatial,ig,15,0.6704038774193316,0.9333333333333332,0.469517809332677,0.3792457115952738,1.2111971343599697,0.0666666666666666,0.2091771288730711,0.8264779875875901,0.6173008587145191,0.9333333333333332,0.0,0.0,0.0,fail_control_block,fail_control_block,fail_control_block,4.651557928018959e-14,bc_jackson2020,True,composition_mixing
motif_tumor_high,control,ig,15,0.8273348361026266,0.0,,,,0.0,,,,0.0,0.0,0.0,0.0,fail_control,fail_control,fail_control,,bc_jackson2020,True,composition_mixing
motif_cd8_clustering,spatial,ig,15,0.7318662003304972,0.9333333333333332,0.3917163669797263,0.281032504362894,3.192956560442947,0.9333333333333332,0.1663672920535962,0.8047392457146463,0.63837195366105,0.9333333333333332,0.2666666666666666,0.2666666666666666,0.2666666666666666,fail_control_block,fail_control_block,fail_control_block,1.0361928837156471e-10,hnc_wu2022,True,composition_mixing
motif_cd8_high,control,ig,15,0.8618096646531102,0.0666666666666666,0.613114022677582,0.6438161229358804,1.8034158022515152,0.0666666666666666,0.1909093113230029,0.6096092542688901,0.4186999429458872,0.0666666666666666,0.2666666666666666,0.2666666666666666,0.2666666666666666,fail_control,fail_control,fail_control,,hnc_wu2022,False,composition_mixing
motif_immune_exclusion,spatial,ig,15,0.8045144141901969,1.0,0.3569464320394763,0.4931275179264727,2.479341789014848,1.0,0.1530930440254902,0.8205806828862684,0.6674876388607779,1.0,0.2666666666666666,0.2666666666666666,0.2666666666666666,fail_control_block,fail_control_block,fail_control_block,1.022651475708955e-12,hnc_wu2022,True,composition_mixing
motif_tumor_high,control,ig,15,0.8886991746787627,0.4666666666666667,0.7802421186392604,0.7657690174915993,2.451249253926082,0.4666666666666667,0.1708076642729892,0.8220422562757864,0.6512345920027973,0.4666666666666667,0.2666666666666666,0.2666666666666666,0.2666666666666666,fail_control,fail_control,fail_control,2.0800111031547658e-06,hnc_wu2022,False,composition_mixing
motif_cd8_high,control,ig,15,0.8668115133163686,0.0666666666666666,0.7544488871554448,0.7673374044074176,1.6552311830827886,0.0666666666666666,0.2885984875963667,0.6678938394046434,0.3792953518082768,0.0666666666666666,0.1333333333333333,0.1333333333333333,0.1333333333333333,fail_control,fail_control,fail_control,,tnbc_wang2023,True,composition_mixing
motif_tumor_high,control,ig,15,0.868956143650608,0.2,0.694358751025698,0.6993980660193374,2.076315800974573,0.2,0.2535948791920573,0.7650420555889644,0.5114471763969072,0.2,0.1333333333333333,0.1333333333333333,0.1333333333333333,fail_control,fail_control,fail_control,0.0023758929678455,tnbc_wang2023,False,composition_mixing
motif_cd8_high,control,ig,15,0.8030007673618798,0.0,,,,0.0,,,,0.0,0.1666666666666666,0.1666666666666666,0.1666666666666666,fail_control,fail_control,fail_control,,bc_metabric_ali2020,False,composition_mixing
motif_interface_immune,spatial,ig,15,0.5553889350137496,0.2,0.4245382414872223,0.3821217666197001,1.4869244921162483,0.1333333333333333,0.1492566933659538,0.8046770120333759,0.655420318667422,0.2,0.1666666666666666,0.1666666666666666,0.1666666666666666,fail_control_block,fail_control_block,fail_control_block,0.0050221346247893,bc_metabric_ali2020,True,composition_mixing
motif_tumor_high,control,ig,15,0.8747043096879501,0.3333333333333333,0.6046358659958649,0.6319452844208369,1.695635389902878,0.3333333333333333,0.297111661001625,0.728435332045138,0.431323671043513,0.3333333333333333,0.1666666666666666,0.1666666666666666,0.1666666666666666,fail_control,fail_control,fail_control,2.7910734910146125e-06,bc_metabric_ali2020,False,composition_mixing
motif_tumor_stroma_mixing,spatial,ig,15,0.6283756236293655,0.7333333333333333,0.7042401474601632,0.5477200341362513,1.2559668878917627,0.0,0.2271746532083623,0.8260906492834866,0.5989159960751244,0.7333333333333333,0.1666666666666666,0.1666666666666666,0.1666666666666666,fail_control_block,fail_control_block,fail_control_block,1.4901420052413244e-12,bc_metabric_ali2020,True,composition_mixing
motif_apc_t_contact,spatial,ig,15,0.6103353176395057,0.6666666666666666,0.4146480989680822,0.4029506797552808,1.1127329409076858,0.0,0.1684246522309364,0.8012792445912046,0.6328545923602682,0.6666666666666666,0.0,0.0,0.0,fail_control_block,fail_control_block,fail_control_block,8.206378722848733e-10,bc_jackson2020,True,mixing
motif_cd8_high,control,ig,15,0.8234365952883963,0.0,,,,0.0,,,,0.0,0.0,0.0,0.0,fail_control,fail_control,fail_control,,bc_jackson2020,False,mixing
motif_cd8_tumor_contact,spatial,ig,15,0.6640276918994851,0.8,0.4874247028980618,0.3933251066831653,1.3069823564266094,0.2,0.2063693967971025,0.7873199891596291,0.5809505923625267,0.8,0.0,0.0,0.0,fail_control_block,fail_control_block,fail_control_block,2.458898139920952e-12,bc_jackson2020,True,mixing
motif_macrophage_tumor_niche,spatial,ig,15,0.5328442066652267,0.2,0.4325846100596264,0.3984154864878082,1.9385727222995628,0.2,0.1752731412780453,0.8761638986975231,0.7008907574194776,0.2,0.0,0.0,0.0,fail_control_block,fail_control_block,fail_control_block,0.0031677796185459,bc_jackson2020,True,mixing
motif_t_tumor_mixing,spatial,ig,15,0.6692430465411376,0.9333333333333332,0.4644392677436975,0.3763741165270003,1.1907025857372768,0.0,0.2069043223815187,0.8310005792468037,0.6240962568652849,0.9333333333333332,0.0,0.0,0.0,fail_control_block,fail_control_block,fail_control_block,9.59329645196729e-14,bc_jackson2020,True,mixing
motif_tumor_high,control,ig,15,0.8223542514412585,0.0,,,,0.0,,,,0.0,0.0,0.0,0.0,fail_control,fail_control,fail_control,,bc_jackson2020,True,mixing
motif_cd8_clustering,spatial,ig,15,0.7206252738709622,1.0,0.3788375399611758,0.272636875558486,3.0535313074012675,1.0,0.1508015692461213,0.8100576097780682,0.659256040531947,1.0,0.2,0.2,0.2,fail_control_block,fail_control_block,fail_control_block,1.229538726241197e-12,hnc_wu2022,True,mixing
motif_cd8_high,control,ig,15,0.858094513133689,0.2,0.6047868753485459,0.6224954049315943,1.901379396670281,0.2,0.1989322890193935,0.725247969841511,0.5263156808221173,0.2,0.2,0.2,0.2,fail_control,fail_control,fail_control,0.0011049492504035,hnc_wu2022,False,mixing
motif_immune_exclusion,spatial,ig,15,0.7963226699562597,1.0,0.3573980145316023,0.4927878008986968,2.4710131095004475,1.0,0.1509761439540125,0.8237315803904762,0.6727554364364638,1.0,0.2,0.2,0.2,fail_control_block,fail_control_block,fail_control_block,4.590044147000108e-14,hnc_wu2022,True,mixing
motif_tumor_high,control,ig,15,0.8839353370619695,0.2,0.7602456553266274,0.7569122280106652,2.361536123539094,0.2,0.1933569554847497,0.8495677890173642,0.6562108335326143,0.2,0.2,0.2,0.2,fail_control,fail_control,fail_control,0.0048791459977655,hnc_wu2022,False,mixing
motif_cd8_high,control,ig,15,0.8672033639128475,0.1333333333333333,0.7386466100619415,0.7446871443970318,1.6994864631056084,0.1333333333333333,0.2449087621316127,0.7125229193017568,0.4676141571701439,0.1333333333333333,0.1666666666666666,0.1666666666666666,0.1666666666666666,fail_control,fail_control,fail_control,0.0176620365034277,tnbc_wang2023,True,mixing
motif_tumor_high,control,ig,15,0.8687296590769598,0.2,0.6995305976986192,0.7011673290197438,2.107008020948068,0.2,0.2632546738797137,0.7685918725031923,0.5053371986234785,0.2,0.1666666666666666,0.1666666666666666,0.1666666666666666,fail_control,fail_control,fail_control,0.0020923069804697,tnbc_wang2023,False,mixing
motif_cd8_high,control,ig,15,0.8111520168962251,0.0666666666666666,0.7845920683988342,0.7993998314449766,1.3542374728947806,0.0,0.2400909728770597,0.7294276727655324,0.4893366998884726,0.0666666666666666,0.1666666666666666,0.1333333333333333,0.1333333333333333,fail_control,fail_control,fail_control,,bc_metabric_ali2020,False,mixing
motif_interface_immune,spatial,ig,15,0.5473346270661961,0.1333333333333333,0.42490264228705,0.3832054733600917,1.5693383369865836,0.0666666666666666,0.1571767633558847,0.81508560913228,0.6579088457763953,0.1333333333333333,0.1666666666666666,0.1333333333333333,0.1333333333333333,fail_control_block,fail_control_block,fail_control_block,0.0238076569891159,bc_metabric_ali2020,True,mixing
motif_tumor_high,control,ig,15,0.8717821335748597,0.2666666666666666,0.6061830710982046,0.6329548633020868,1.6997026578494625,0.2666666666666666,0.3003761739821998,0.7566735363408781,0.4562973623586781,0.2666666666666666,0.1666666666666666,0.1333333333333333,0.1333333333333333,fail_control,fail_control,fail_control,6.227755110272005e-05,bc_metabric_ali2020,False,mixing
motif_tumor_stroma_mixing,spatial,ig,15,0.626737002180304,0.7333333333333333,0.6984795644550498,0.5400828584393298,1.2284014056781674,0.0,0.2128116668460444,0.8364965856569796,0.6236849188109352,0.7333333333333333,0.1666666666666666,0.1333333333333333,0.1333333333333333,fail_control_block,fail_control_block,fail_control_block,4.768802590786789e-12,bc_metabric_ali2020,True,mixing
motif_apc_t_contact,spatial,ig,15,0.6083670590997095,0.5333333333333333,0.4266683490066477,0.4130191280051402,1.3278909409483903,0.0,0.1700726001963766,0.7984522118516578,0.6283796116552812,0.5333333333333333,0.0333333333333333,0.0333333333333333,0.0333333333333333,fail_control_block,fail_control_block,fail_control_block,3.488374498970564e-08,bc_jackson2020,True,mixing_celltype_density
motif_cd8_high,control,ig,15,0.8254457083193966,0.0,,,,0.0,,,,0.0,0.0333333333333333,0.0333333333333333,0.0333333333333333,fail_control,fail_control,fail_control,,bc_jackson2020,False,mixing_celltype_density
motif_cd8_tumor_contact,spatial,ig,15,0.6704409552898877,0.8,0.4906233141238394,0.3940219633101924,1.302045554489844,0.2666666666666666,0.2157100215691537,0.7874197828972153,0.5717097613280615,0.8,0.0333333333333333,0.0333333333333333,0.0333333333333333,fail_control_block,fail_control_block,fail_control_block,4.648562063305402e-13,bc_jackson2020,True,mixing_celltype_density
motif_macrophage_tumor_niche,spatial,ig,15,0.5432685550313695,0.2,0.4035301755608425,0.3952797765469588,1.722854058081534,0.2,0.1868002064817274,0.8514501763161052,0.6646499698343779,0.2,0.0333333333333333,0.0333333333333333,0.0333333333333333,fail_control_block,fail_control_block,fail_control_block,0.0025887849490438,bc_jackson2020,True,mixing_celltype_density
motif_t_tumor_mixing,spatial,ig,15,0.6799567164678612,0.9333333333333332,0.4706608486134562,0.3785637166930224,1.2224135948248371,0.0,0.2121298048863406,0.8215606487686312,0.6094308438822906,0.9333333333333332,0.0333333333333333,0.0333333333333333,0.0333333333333333,fail_control_block,fail_control_block,fail_control_block,3.8844627854230045e-13,bc_jackson2020,True,mixing_celltype_density
motif_tumor_high,control,ig,15,0.826977864668795,0.0666666666666666,0.6827066240619473,0.6663828717913695,2.0179346166468664,0.0666666666666666,0.2357625868215098,0.6915932643664668,0.4558306775449569,0.0666666666666666,0.0333333333333333,0.0333333333333333,0.0333333333333333,fail_control,fail_control,fail_control,,bc_jackson2020,True,mixing_celltype_density
motif_cd8_clustering,spatial,ig,15,0.7204124215685578,0.9333333333333332,0.4197721875820522,0.3007226181029137,3.3932377583722437,0.9333333333333332,0.1614791727591865,0.8057641555301913,0.6442849827710049,0.9333333333333332,0.2,0.2,0.2,fail_control_block,fail_control_block,fail_control_block,2.2175267109206567e-10,hnc_wu2022,True,mixing_celltype_density
motif_cd8_high,control,ig,15,0.8747746950349871,0.2,0.6176239533506104,0.6333922141937097,1.9210759176641592,0.2,0.2114106063796141,0.7144698296176465,0.5030592232380325,0.2,0.2,0.2,0.2,fail_control,fail_control,fail_control,0.0001826795085658,hnc_wu2022,False,mixing_celltype_density
motif_immune_exclusion,spatial,ig,15,0.7912379234236909,1.0,0.3651024065085966,0.4953290628316046,2.524079175443206,1.0,0.1455433544050493,0.8250137287921266,0.6794703743870774,1.0,0.2,0.2,0.2,fail_control_block,fail_control_block,fail_control_block,3.4701523535833594e-13,hnc_wu2022,True,mixing_celltype_density
motif_tumor_high,control,ig,15,0.8839968606167111,0.2,0.7703601723671367,0.7650426518073458,2.4129225050758887,0.2,0.1885550324441099,0.844252141522334,0.6556971090782241,0.2,0.2,0.2,0.2,fail_control,fail_control,fail_control,0.0053466276069825,hnc_wu2022,False,mixing_celltype_density
motif_cd8_high,control,ig,15,0.8677761006898052,0.1333333333333333,0.7506528506099517,0.753695948666449,1.733667729096804,0.1333333333333333,0.2480557969093108,0.7158802775861965,0.4678244806768856,0.1333333333333333,0.1333333333333333,0.1333333333333333,0.1333333333333333,fail_control,fail_control,fail_control,0.0303835715459965,tnbc_wang2023,True,mixing_celltype_density
motif_tumor_high,control,ig,15,0.865819453062805,0.1333333333333333,0.6690977642763105,0.6686293760560276,2.0191068734396,0.1333333333333333,0.2774572312029464,0.767856289341879,0.4903990581389326,0.1333333333333333,0.1333333333333333,0.1333333333333333,0.1333333333333333,fail_control,fail_control,fail_control,0.0481416011067403,tnbc_wang2023,False,mixing_celltype_density
motif_cd8_high,control,ig,15,0.8152331197787223,0.0,,,,0.0,,,,0.0,0.1333333333333333,0.1333333333333333,0.1333333333333333,fail_control,fail_control,fail_control,,bc_metabric_ali2020,False,mixing_celltype_density
motif_interface_immune,spatial,ig,15,0.5561850324982972,0.2666666666666666,0.4395331086729332,0.3954464523596974,1.5912441237567043,0.2666666666666666,0.181477752383413,0.799581250910457,0.6181034985270439,0.2666666666666666,0.1333333333333333,0.1333333333333333,0.1333333333333333,fail_control_block,fail_control_block,fail_control_block,0.0016865366483634,bc_metabric_ali2020,True,mixing_celltype_density
motif_tumor_high,control,ig,15,0.8743696122143844,0.2666666666666666,0.6075605910979481,0.6291472011420777,1.7341552908022762,0.2666666666666666,0.3099071875069167,0.7473073432965278,0.437400155789611,0.2666666666666666,0.1333333333333333,0.1333333333333333,0.1333333333333333,fail_control,fail_control,fail_control,0.0001457881768319,bc_metabric_ali2020,False,mixing_celltype_density
motif_tumor_stroma_mixing,spatial,ig,15,0.6357149039398533,0.8,0.7036914649659155,0.5379798699903737,1.2500782197524627,0.0,0.2175413136076763,0.8325886970470116,0.6150473834393351,0.8,0.1333333333333333,0.1333333333333333,0.1333333333333333,fail_control_block,fail_control_block,fail_control_block,4.4696974907904e-12,bc_metabric_ali2020,True,mixing_celltype_density
