family,dataset,task,kind,method,n_hit_candidates,hit_at_1,precision_at_3,precision_at_5,mrr,recall_at_1,recall_at_3,recall_at_5,miss_as_top1,n_folds
composition,bc_jackson2020,motif_apc_t_contact,spatial,lasso,0,0.0,0.0,0.0,0.0,0.0,0.0,0.0,0.0,15
composition,bc_jackson2020,motif_apc_t_contact,spatial,shap,0,0.0,0.0,0.0,0.0,0.0,0.0,0.0,0.0,15
composition,bc_jackson2020,motif_cd8_tumor_contact,spatial,lasso,0,0.0,0.0,0.0,0.0,0.0,0.0,0.0,0.2,15
composition,bc_jackson2020,motif_cd8_tumor_contact,spatial,shap,0,0.0,0.0,0.0,0.0,0.0,0.0,0.0,0.26666666666666666,15
composition,bc_jackson2020,motif_macrophage_tumor_niche,spatial,lasso,0,0.0,0.0,0.0,0.0,0.0,0.0,0.0,1.0,15
composition,bc_jackson2020,motif_macrophage_tumor_niche,spatial,shap,0,0.0,0.0,0.0,0.0,0.0,0.0,0.0,0.9333333333333333,15
composition,bc_jackson2020,motif_t_tumor_mixing,spatial,lasso,0,0.0,0.0,0.0,0.0,0.0,0.0,0.0,0.06666666666666667,15
composition,bc_jackson2020,motif_t_tumor_mixing,spatial,shap,0,0.0,0.0,0.0,0.0,0.0,0.0,0.0,0.13333333333333333,15
composition,bc_jackson2020,motif_tumor_high,control,lasso,14,0.0,0.3333333333333333,0.41333333333333333,0.3444444444444444,0.0,0.3333333333333333,0.41333333333333333,0.0,15
composition,bc_jackson2020,motif_tumor_high,control,shap,14,0.0,0.3333333333333333,0.44000000000000006,0.3777777777777777,0.0,0.3333333333333333,0.44000000000000006,0.0,15
composition,bc_metabric_ali2020,motif_interface_immune,spatial,lasso,0,0.0,0.0,0.0,0.0,0.0,0.0,0.0,0.0,15
composition,bc_metabric_ali2020,motif_interface_immune,spatial,shap,0,0.0,0.0,0.0,0.0,0.0,0.0,0.0,0.0,15
composition,bc_metabric_ali2020,motif_tumor_stroma_mixing,spatial,lasso,0,0.0,0.0,0.0,0.0,0.0,0.0,0.0,0.0,15
composition,bc_metabric_ali2020,motif_tumor_stroma_mixing,spatial,shap,0,0.0,0.0,0.0,0.0,0.0,0.0,0.0,0.0,15
composition,hnc_wu2022,motif_cd8_clustering,spatial,lasso,0,0.0,0.0,0.0,0.0,0.0,0.0,0.0,0.8666666666666667,15
composition,hnc_wu2022,motif_cd8_clustering,spatial,shap,0,0.0,0.0,0.0,0.0,0.0,0.0,0.0,0.5333333333333333,15
composition,hnc_wu2022,motif_immune_exclusion,spatial,lasso,0,0.0,0.0,0.0,0.0,0.0,0.0,0.0,1.0,15
composition,hnc_wu2022,motif_immune_exclusion,spatial,shap,0,0.0,0.0,0.0,0.0,0.0,0.0,0.0,1.0,15
composition,tnbc_wang2023,motif_cd8_high,control,lasso,4,1.0,1.0,0.8,1.0,1.0,1.0,1.0,0.0,15
composition,tnbc_wang2023,motif_cd8_high,control,shap,4,1.0,1.0,0.8,1.0,1.0,1.0,1.0,0.0,15
density,bc_jackson2020,motif_apc_t_contact,spatial,lasso,0,0.0,0.0,0.0,0.0,0.0,0.0,0.0,0.0,15
density,bc_jackson2020,motif_apc_t_contact,spatial,shap,0,0.0,0.0,0.0,0.0,0.0,0.0,0.0,0.0,15
density,bc_jackson2020,motif_cd8_tumor_contact,spatial,lasso,1,1.0,0.3333333333333333,0.2,1.0,1.0,1.0,1.0,0.0,15
density,bc_jackson2020,motif_cd8_tumor_contact,spatial,shap,1,0.9333333333333333,0.3333333333333333,0.2,0.9666666666666667,0.9333333333333333,1.0,1.0,0.0,15
density,bc_jackson2020,motif_macrophage_tumor_niche,spatial,lasso,0,0.0,0.0,0.0,0.0,0.0,0.0,0.0,0.4666666666666667,15
density,bc_jackson2020,motif_macrophage_tumor_niche,spatial,shap,0,0.0,0.0,0.0,0.0,0.0,0.0,0.0,0.3333333333333333,15
density,bc_jackson2020,motif_t_tumor_mixing,spatial,lasso,0,0.0,0.0,0.0,0.0,0.0,0.0,0.0,0.0,15
density,bc_jackson2020,motif_t_tumor_mixing,spatial,shap,0,0.0,0.0,0.0,0.0,0.0,0.0,0.0,0.0,15
density,bc_jackson2020,motif_tumor_high,control,lasso,15,1.0,0.8222222222222223,0.7466666666666667,1.0,1.0,0.8222222222222223,0.7466666666666667,0.0,15
density,bc_jackson2020,motif_tumor_high,control,shap,15,1.0,0.5111111111111111,0.49333333333333335,1.0,1.0,0.5111111111111111,0.49333333333333335,0.0,15
density,bc_metabric_ali2020,motif_interface_immune,spatial,lasso,4,0.0,0.04444444444444444,0.08000000000000002,0.18094831094831096,0.0,0.04444444444444444,0.1,0.0,15
density,bc_metabric_ali2020,motif_interface_immune,spatial,shap,4,0.06666666666666667,0.04444444444444444,0.06666666666666667,0.1900326797385621,0.06666666666666667,0.04444444444444444,0.08333333333333333,0.0,15
density,bc_metabric_ali2020,motif_tumor_stroma_mixing,spatial,lasso,0,0.0,0.0,0.0,0.0,0.0,0.0,0.0,0.0,15
density,bc_metabric_ali2020,motif_tumor_stroma_mixing,spatial,shap,0,0.0,0.0,0.0,0.0,0.0,0.0,0.0,0.0,15
density,hnc_wu2022,motif_cd8_clustering,spatial,lasso,0,0.0,0.0,0.0,0.0,0.0,0.0,0.0,0.2,15
density,hnc_wu2022,motif_cd8_clustering,spatial,shap,0,0.0,0.0,0.0,0.0,0.0,0.0,0.0,0.13333333333333333,15
density,hnc_wu2022,motif_immune_exclusion,spatial,lasso,2,0.0,0.3333333333333333,0.2,0.5,0.0,0.5,0.5,0.0,15
density,hnc_wu2022,motif_immune_exclusion,spatial,shap,2,0.2,0.26666666666666666,0.24000000000000002,0.5355555555555556,0.2,0.4,0.6,0.0,15
density,tnbc_wang2023,motif_cd8_high,control,lasso,4,1.0,0.9777777777777777,0.7866666666666667,1.0,1.0,0.9777777777777777,0.9833333333333333,0.0,15
density,tnbc_wang2023,motif_cd8_high,control,shap,4,1.0,0.9111111111111111,0.7333333333333333,1.0,1.0,0.9111111111111111,0.9166666666666666,0.0,15
mixing,bc_jackson2020,motif_apc_t_contact,spatial,lasso,407,1.0,1.0,1.0,1.0,1.0,1.0,1.0,0.0,15
mixing,bc_jackson2020,motif_apc_t_contact,spatial,shap,407,1.0,1.0,1.0,1.0,1.0,1.0,1.0,0.0,15
mixing,bc_jackson2020,motif_cd8_tumor_contact,spatial,lasso,407,1.0,1.0,1.0,1.0,1.0,1.0,1.0,0.0,15
mixing,bc_jackson2020,motif_cd8_tumor_contact,spatial,shap,407,1.0,1.0,1.0,1.0,1.0,1.0,1.0,0.0,15
mixing,bc_jackson2020,motif_macrophage_tumor_niche,spatial,lasso,407,1.0,1.0,1.0,1.0,1.0,1.0,1.0,0.0,15
mixing,bc_jackson2020,motif_macrophage_tumor_niche,spatial,shap,407,1.0,1.0,1.0,1.0,1.0,1.0,1.0,0.0,15
mixing,bc_jackson2020,motif_t_tumor_mixing,spatial,lasso,407,1.0,1.0,1.0,1.0,1.0,1.0,1.0,0.0,15
mixing,bc_jackson2020,motif_t_tumor_mixing,spatial,shap,407,1.0,1.0,1.0,1.0,1.0,1.0,1.0,0.0,15
mixing,bc_jackson2020,motif_tumor_high,control,lasso,0,0.0,0.0,0.0,0.0,0.0,0.0,0.0,0.0,15
mixing,bc_jackson2020,motif_tumor_high,control,shap,0,0.0,0.0,0.0,0.0,0.0,0.0,0.0,0.0,15
mixing,bc_metabric_ali2020,motif_interface_immune,spatial,lasso,0,0.0,0.0,0.0,0.0,0.0,0.0,0.0,0.0,15
mixing,bc_metabric_ali2020,motif_interface_immune,spatial,shap,0,0.0,0.0,0.0,0.0,0.0,0.0,0.0,0.0,15
mixing,bc_metabric_ali2020,motif_tumor_stroma_mixing,spatial,lasso,491,1.0,1.0,1.0,1.0,1.0,1.0,1.0,0.0,15
mixing,bc_metabric_ali2020,motif_tumor_stroma_mixing,spatial,shap,491,1.0,1.0,1.0,1.0,1.0,1.0,1.0,0.0,15
mixing,hnc_wu2022,motif_cd8_clustering,spatial,lasso,9,1.0,0.4,0.32000000000000006,1.0,1.0,0.4,0.32000000000000006,0.0,15
mixing,hnc_wu2022,motif_cd8_clustering,spatial,shap,9,1.0,0.3555555555555555,0.25333333333333335,1.0,1.0,0.3555555555555555,0.25333333333333335,0.0,15
mixing,hnc_wu2022,motif_immune_exclusion,spatial,lasso,0,0.0,0.0,0.0,0.0,0.0,0.0,0.0,0.0,15
mixing,hnc_wu2022,motif_immune_exclusion,spatial,shap,0,0.0,0.0,0.0,0.0,0.0,0.0,0.0,0.0,15
mixing,tnbc_wang2023,motif_cd8_high,control,lasso,0,0.0,0.0,0.0,0.0,0.0,0.0,0.0,0.0,15
mixing,tnbc_wang2023,motif_cd8_high,control,shap,0,0.0,0.0,0.0,0.0,0.0,0.0,0.0,0.0,15
point_pattern,bc_jackson2020,motif_apc_t_contact,spatial,lasso,20,0.8666666666666667,0.4444444444444444,0.3466666666666667,0.9166666666666666,0.8666666666666667,0.4444444444444444,0.3466666666666667,0.0,15
point_pattern,bc_jackson2020,motif_apc_t_contact,spatial,shap,20,0.6,0.4444444444444444,0.32,0.7666666666666667,0.6,0.4444444444444444,0.32,0.0,15
point_pattern,bc_jackson2020,motif_cd8_tumor_contact,spatial,lasso,10,0.26666666666666666,0.3333333333333333,0.29333333333333333,0.5001587301587301,0.26666666666666666,0.3333333333333333,0.29333333333333333,0.0,15
point_pattern,bc_jackson2020,motif_cd8_tumor_contact,spatial,shap,10,0.2,0.24444444444444444,0.24000000000000002,0.4664177489177489,0.2,0.24444444444444444,0.24000000000000002,0.0,15
point_pattern,bc_jackson2020,motif_macrophage_tumor_niche,spatial,lasso,150,0.9333333333333333,0.9555555555555556,0.9333333333333333,0.9666666666666667,0.9333333333333333,0.9555555555555556,0.9333333333333333,0.0,15
point_pattern,bc_jackson2020,motif_macrophage_tumor_niche,spatial,shap,150,0.8,0.8444444444444444,0.84,0.9,0.8,0.8444444444444444,0.84,0.0,15
point_pattern,bc_jackson2020,motif_t_tumor_mixing,spatial,lasso,150,0.6,0.7777777777777778,0.7466666666666666,0.8,0.6,0.7777777777777778,0.7466666666666666,0.0,15
point_pattern,bc_jackson2020,motif_t_tumor_mixing,spatial,shap,150,0.8666666666666667,0.7777777777777778,0.7733333333333334,0.9333333333333333,0.8666666666666667,0.7777777777777778,0.7733333333333334,0.0,15
point_pattern,bc_jackson2020,motif_tumor_high,control,lasso,0,0.0,0.0,0.0,0.0,0.0,0.0,0.0,0.0,15
point_pattern,bc_jackson2020,motif_tumor_high,control,shap,0,0.0,0.0,0.0,0.0,0.0,0.0,0.0,0.0,15
point_pattern,bc_metabric_ali2020,motif_interface_immune,spatial,lasso,20,0.06666666666666667,0.04444444444444444,0.08000000000000002,0.17539516039516037,0.06666666666666667,0.04444444444444444,0.08000000000000002,0.0,15
point_pattern,bc_metabric_ali2020,motif_interface_immune,spatial,shap,20,0.06666666666666667,0.04444444444444444,0.04000000000000001,0.13904835904835902,0.06666666666666667,0.04444444444444444,0.04000000000000001,0.0,15
point_pattern,bc_metabric_ali2020,motif_tumor_stroma_mixing,spatial,lasso,0,0.0,0.0,0.0,0.0,0.0,0.0,0.0,0.0,15
point_pattern,bc_metabric_ali2020,motif_tumor_stroma_mixing,spatial,shap,0,0.0,0.0,0.0,0.0,0.0,0.0,0.0,0.0,15
point_pattern,hnc_wu2022,motif_cd8_clustering,spatial,lasso,10,1.0,1.0,1.0,1.0,1.0,1.0,1.0,0.0,15
point_pattern,hnc_wu2022,motif_cd8_clustering,spatial,shap,10,1.0,1.0,0.9866666666666667,1.0,1.0,1.0,0.9866666666666667,0.0,15
point_pattern,hnc_wu2022,motif_immune_exclusion,spatial,lasso,10,0.2,0.15555555555555553,0.14666666666666667,0.3545726495726496,0.2,0.15555555555555553,0.14666666666666667,0.0,15
point_pattern,hnc_wu2022,motif_immune_exclusion,spatial,shap,10,0.4,0.2222222222222222,0.25333333333333335,0.5175661375661376,0.4,0.2222222222222222,0.25333333333333335,0.0,15
point_pattern,tnbc_wang2023,motif_cd8_high,control,lasso,0,0.0,0.0,0.0,0.0,0.0,0.0,0.0,0.0,15
point_pattern,tnbc_wang2023,motif_cd8_high,control,shap,0,0.0,0.0,0.0,0.0,0.0,0.0,0.0,0.0,15
composition_density,bc_jackson2020,motif_apc_t_contact,spatial,lasso,0,0.0,0.0,0.0,0.0,0.0,0.0,0.0,0.0,15
composition_density,bc_jackson2020,motif_apc_t_contact,spatial,shap,0,0.0,0.0,0.0,0.0,0.0,0.0,0.0,0.06666666666666667,15
composition_density,bc_jackson2020,motif_cd8_tumor_contact,spatial,lasso,1,1.0,0.3333333333333333,0.2,1.0,1.0,1.0,1.0,0.0,15
composition_density,bc_jackson2020,motif_cd8_tumor_contact,spatial,shap,1,0.6666666666666666,0.3333333333333333,0.2,0.8333333333333334,0.6666666666666666,1.0,1.0,0.13333333333333333,15
composition_density,bc_jackson2020,motif_macrophage_tumor_niche,spatial,lasso,0,0.0,0.0,0.0,0.0,0.0,0.0,0.0,0.4666666666666667,15
composition_density,bc_jackson2020,motif_macrophage_tumor_niche,spatial,shap,0,0.0,0.0,0.0,0.0,0.0,0.0,0.0,0.3333333333333333,15
composition_density,bc_jackson2020,motif_t_tumor_mixing,spatial,lasso,0,0.0,0.0,0.0,0.0,0.0,0.0,0.0,0.0,15
composition_density,bc_jackson2020,motif_t_tumor_mixing,spatial,shap,0,0.0,0.0,0.0,0.0,0.0,0.0,0.0,0.0,15
composition_density,bc_jackson2020,motif_tumor_high,control,lasso,29,0.0,0.3555555555555555,0.5066666666666666,0.5,0.0,0.3555555555555555,0.5066666666666666,0.0,15
composition_density,bc_jackson2020,motif_tumor_high,control,shap,29,0.0,0.4,0.41333333333333333,0.4888888888888889,0.0,0.4,0.41333333333333333,0.0,15
composition_density,bc_metabric_ali2020,motif_interface_immune,spatial,lasso,4,0.0,0.02222222222222222,0.05333333333333334,0.14063732563732562,0.0,0.02222222222222222,0.06666666666666667,0.0,15
composition_density,bc_metabric_ali2020,motif_interface_immune,spatial,shap,4,0.0,0.02222222222222222,0.04000000000000001,0.09199731354530116,0.0,0.02222222222222222,0.05,0.0,15
composition_density,bc_metabric_ali2020,motif_tumor_stroma_mixing,spatial,lasso,0,0.0,0.0,0.0,0.0,0.0,0.0,0.0,0.0,15
composition_density,bc_metabric_ali2020,motif_tumor_stroma_mixing,spatial,shap,0,0.0,0.0,0.0,0.0,0.0,0.0,0.0,0.0,15
composition_density,hnc_wu2022,motif_cd8_clustering,spatial,lasso,0,0.0,0.0,0.0,0.0,0.0,0.0,0.0,1.0,15
composition_density,hnc_wu2022,motif_cd8_clustering,spatial,shap,0,0.0,0.0,0.0,0.0,0.0,0.0,0.0,0.5333333333333333,15
composition_density,hnc_wu2022,motif_immune_exclusion,spatial,lasso,2,0.0,0.0,0.12000000000000001,0.19841269841269843,0.0,0.0,0.3,0.0,15
composition_density,hnc_wu2022,motif_immune_exclusion,spatial,shap,2,0.0,0.17777777777777776,0.22666666666666668,0.2872222222222222,0.0,0.26666666666666666,0.5666666666666667,0.0,15
composition_density,tnbc_wang2023,motif_cd8_high,control,lasso,8,1.0,1.0,0.9866666666666667,1.0,1.0,1.0,0.9866666666666667,0.0,15
composition_density,tnbc_wang2023,motif_cd8_high,control,shap,8,1.0,1.0,1.0,1.0,1.0,1.0,1.0,0.0,15
composition_mixing,bc_jackson2020,motif_apc_t_contact,spatial,lasso,407,1.0,1.0,1.0,1.0,1.0,1.0,1.0,0.0,15
composition_mixing,bc_jackson2020,motif_apc_t_contact,spatial,shap,407,1.0,0.9777777777777777,0.9733333333333333,1.0,1.0,0.9777777777777777,0.9733333333333333,0.0,15
composition_mixing,bc_jackson2020,motif_cd8_tumor_contact,spatial,lasso,407,1.0,1.0,1.0,1.0,1.0,1.0,1.0,0.0,15
composition_mixing,bc_jackson2020,motif_cd8_tumor_contact,spatial,shap,407,1.0,1.0,1.0,1.0,1.0,1.0,1.0,0.0,15
composition_mixing,bc_jackson2020,motif_macrophage_tumor_niche,spatial,lasso,407,1.0,1.0,1.0,1.0,1.0,1.0,1.0,0.0,15
composition_mixing,bc_jackson2020,motif_macrophage_tumor_niche,spatial,shap,407,1.0,1.0,1.0,1.0,1.0,1.0,1.0,0.0,15
composition_mixing,bc_jackson2020,motif_t_tumor_mixing,spatial,lasso,407,1.0,1.0,1.0,1.0,1.0,1.0,1.0,0.0,15
composition_mixing,bc_jackson2020,motif_t_tumor_mixing,spatial,shap,407,1.0,1.0,1.0,1.0,1.0,1.0,1.0,0.0,15
composition_mixing,bc_jackson2020,motif_tumor_high,control,lasso,14,0.0,0.02222222222222222,0.13333333333333333,0.20809523809523808,0.0,0.02222222222222222,0.13333333333333333,0.0,15
composition_mixing,bc_jackson2020,motif_tumor_high,control,shap,14,0.0,0.0,0.09333333333333334,0.18756613756613755,0.0,0.0,0.09333333333333334,0.0,15
composition_mixing,bc_metabric_ali2020,motif_interface_immune,spatial,lasso,0,0.0,0.0,0.0,0.0,0.0,0.0,0.0,0.0,15
composition_mixing,bc_metabric_ali2020,motif_interface_immune,spatial,shap,0,0.0,0.0,0.0,0.0,0.0,0.0,0.0,0.0,15
composition_mixing,bc_metabric_ali2020,motif_tumor_stroma_mixing,spatial,lasso,491,1.0,1.0,1.0,1.0,1.0,1.0,1.0,0.0,15
composition_mixing,bc_metabric_ali2020,motif_tumor_stroma_mixing,spatial,shap,491,1.0,1.0,0.9866666666666667,1.0,1.0,1.0,0.9866666666666667,0.0,15
composition_mixing,hnc_wu2022,motif_cd8_clustering,spatial,lasso,9,1.0,0.4,0.3066666666666667,1.0,1.0,0.4,0.3066666666666667,0.0,15
composition_mixing,hnc_wu2022,motif_cd8_clustering,spatial,shap,9,1.0,0.3555555555555555,0.25333333333333335,1.0,1.0,0.3555555555555555,0.25333333333333335,0.0,15
composition_mixing,hnc_wu2022,motif_immune_exclusion,spatial,lasso,0,0.0,0.0,0.0,0.0,0.0,0.0,0.0,0.0,15
composition_mixing,hnc_wu2022,motif_immune_exclusion,spatial,shap,0,0.0,0.0,0.0,0.0,0.0,0.0,0.0,0.0,15
composition_mixing,tnbc_wang2023,motif_cd8_high,control,lasso,4,0.0,0.0,0.0,0.06245920058613557,0.0,0.0,0.0,0.0,15
composition_mixing,tnbc_wang2023,motif_cd8_high,control,shap,4,0.13333333333333333,0.1111111111111111,0.12000000000000001,0.2811399711399711,0.13333333333333333,0.1111111111111111,0.15,0.0,15
density_mixing,bc_jackson2020,motif_apc_t_contact,spatial,lasso,407,1.0,0.9777777777777777,0.9466666666666667,1.0,1.0,0.9777777777777777,0.9466666666666667,0.0,15
density_mixing,bc_jackson2020,motif_apc_t_contact,spatial,shap,407,1.0,1.0,0.9333333333333333,1.0,1.0,1.0,0.9333333333333333,0.0,15
density_mixing,bc_jackson2020,motif_cd8_tumor_contact,spatial,lasso,408,1.0,1.0,1.0,1.0,1.0,1.0,1.0,0.0,15
density_mixing,bc_jackson2020,motif_cd8_tumor_contact,spatial,shap,408,1.0,1.0,0.9866666666666667,1.0,1.0,1.0,0.9866666666666667,0.0,15
density_mixing,bc_jackson2020,motif_macrophage_tumor_niche,spatial,lasso,407,1.0,0.9555555555555556,0.9600000000000001,1.0,1.0,0.9555555555555556,0.9600000000000001,0.0,15
density_mixing,bc_jackson2020,motif_macrophage_tumor_niche,spatial,shap,407,1.0,0.9555555555555556,0.9600000000000001,1.0,1.0,0.9555555555555556,0.9600000000000001,0.0,15
density_mixing,bc_jackson2020,motif_t_tumor_mixing,spatial,lasso,407,1.0,1.0,1.0,1.0,1.0,1.0,1.0,0.0,15
density_mixing,bc_jackson2020,motif_t_tumor_mixing,spatial,shap,407,1.0,1.0,0.9866666666666667,1.0,1.0,1.0,0.9866666666666667,0.0,15
density_mixing,bc_jackson2020,motif_tumor_high,control,lasso,15,1.0,0.3333333333333333,0.21333333333333335,1.0,1.0,0.3333333333333333,0.21333333333333335,0.0,15
density_mixing,bc_jackson2020,motif_tumor_high,control,shap,15,0.9333333333333333,0.3333333333333333,0.2,0.9666666666666667,0.9333333333333333,0.3333333333333333,0.2,0.0,15
density_mixing,bc_metabric_ali2020,motif_interface_immune,spatial,lasso,4,0.0,0.0,0.0,0.0,0.0,0.0,0.0,0.0,15
density_mixing,bc_metabric_ali2020,motif_interface_immune,spatial,shap,4,0.0,0.0,0.0,0.0,0.0,0.0,0.0,0.0,15
density_mixing,bc_metabric_ali2020,motif_tumor_stroma_mixing,spatial,lasso,491,1.0,1.0,0.9600000000000001,1.0,1.0,1.0,0.9600000000000001,0.0,15
density_mixing,bc_metabric_ali2020,motif_tumor_stroma_mixing,spatial,shap,491,1.0,0.9777777777777777,0.9466666666666667,1.0,1.0,0.9777777777777777,0.9466666666666667,0.0,15
density_mixing,hnc_wu2022,motif_cd8_clustering,spatial,lasso,9,1.0,0.5111111111111111,0.4,1.0,1.0,0.5111111111111111,0.4,0.0,15
density_mixing,hnc_wu2022,motif_cd8_clustering,spatial,shap,9,1.0,0.4444444444444444,0.3866666666666667,1.0,1.0,0.4444444444444444,0.3866666666666667,0.0,15
density_mixing,hnc_wu2022,motif_immune_exclusion,spatial,lasso,2,0.0,0.0,0.0,0.0,0.0,0.0,0.0,0.0,15
density_mixing,hnc_wu2022,motif_immune_exclusion,spatial,shap,2,0.0,0.0,0.0,0.0,0.0,0.0,0.0,0.0,15
density_mixing,tnbc_wang2023,motif_cd8_high,control,lasso,4,0.0,0.0,0.0,0.0,0.0,0.0,0.0,0.0,15
density_mixing,tnbc_wang2023,motif_cd8_high,control,shap,4,0.0,0.0,0.0,0.017777777777777778,0.0,0.0,0.0,0.0,15
composition_point_pattern,bc_jackson2020,motif_apc_t_contact,spatial,lasso,20,0.8666666666666667,0.5111111111111111,0.4666666666666667,0.9222222222222223,0.8666666666666667,0.5111111111111111,0.4666666666666667,0.06666666666666667,15
composition_point_pattern,bc_jackson2020,motif_apc_t_contact,spatial,shap,20,0.7333333333333333,0.5333333333333333,0.44,0.8355555555555555,0.7333333333333333,0.5333333333333333,0.44,0.06666666666666667,15
composition_point_pattern,bc_jackson2020,motif_cd8_tumor_contact,spatial,lasso,10,0.5333333333333333,0.31111111111111106,0.25333333333333335,0.6805555555555556,0.5333333333333333,0.31111111111111106,0.25333333333333335,0.13333333333333333,15
composition_point_pattern,bc_jackson2020,motif_cd8_tumor_contact,spatial,shap,10,0.4,0.3333333333333333,0.26666666666666666,0.6077777777777779,0.4,0.3333333333333333,0.26666666666666666,0.06666666666666667,15
composition_point_pattern,bc_jackson2020,motif_macrophage_tumor_niche,spatial,lasso,150,0.9333333333333333,0.8,0.8,0.9666666666666667,0.9333333333333333,0.8,0.8,0.06666666666666667,15
composition_point_pattern,bc_jackson2020,motif_macrophage_tumor_niche,spatial,shap,150,0.6666666666666666,0.8,0.8133333333333332,0.8333333333333334,0.6666666666666666,0.8,0.8133333333333332,0.0,15
composition_point_pattern,bc_jackson2020,motif_t_tumor_mixing,spatial,lasso,150,0.6666666666666666,0.6,0.48000000000000004,0.7833333333333333,0.6666666666666666,0.6,0.48000000000000004,0.06666666666666667,15
composition_point_pattern,bc_jackson2020,motif_t_tumor_mixing,spatial,shap,150,0.8,0.6888888888888889,0.6799999999999999,0.8688888888888889,0.8,0.6888888888888889,0.6799999999999999,0.06666666666666667,15
composition_point_pattern,bc_jackson2020,motif_tumor_high,control,lasso,14,0.0,0.26666666666666666,0.4,0.3722222222222222,0.0,0.26666666666666666,0.4,0.0,15
composition_point_pattern,bc_jackson2020,motif_tumor_high,control,shap,14,0.0,0.31111111111111106,0.4,0.38333333333333336,0.0,0.31111111111111106,0.4,0.0,15
composition_point_pattern,bc_metabric_ali2020,motif_interface_immune,spatial,lasso,20,0.0,0.0,0.0,0.05939094531199794,0.0,0.0,0.0,0.0,15
composition_point_pattern,bc_metabric_ali2020,motif_interface_immune,spatial,shap,20,0.0,0.0,0.013333333333333334,0.03983426704014939,0.0,0.0,0.013333333333333334,0.0,15
composition_point_pattern,bc_metabric_ali2020,motif_tumor_stroma_mixing,spatial,lasso,0,0.0,0.0,0.0,0.0,0.0,0.0,0.0,0.0,15
composition_point_pattern,bc_metabric_ali2020,motif_tumor_stroma_mixing,spatial,shap,0,0.0,0.0,0.0,0.0,0.0,0.0,0.0,0.0,15
composition_point_pattern,hnc_wu2022,motif_cd8_clustering,spatial,lasso,10,1.0,0.9333333333333333,0.92,1.0,1.0,0.9333333333333333,0.92,0.0,15
composition_point_pattern,hnc_wu2022,motif_cd8_clustering,spatial,shap,10,1.0,0.9111111111111111,0.8933333333333333,1.0,1.0,0.9111111111111111,0.8933333333333333,0.0,15
composition_point_pattern,hnc_wu2022,motif_immune_exclusion,spatial,lasso,10,0.0,0.02222222222222222,0.02666666666666667,0.12264143264143264,0.0,0.02222222222222222,0.02666666666666667,1.0,15
composition_point_pattern,hnc_wu2022,motif_immune_exclusion,spatial,shap,10,0.0,0.04444444444444444,0.05333333333333334,0.1250194522253346,0.0,0.04444444444444444,0.05333333333333334,1.0,15
composition_point_pattern,tnbc_wang2023,motif_cd8_high,control,lasso,4,1.0,1.0,0.8,1.0,1.0,1.0,1.0,0.0,15
composition_point_pattern,tnbc_wang2023,motif_cd8_high,control,shap,4,1.0,1.0,0.8,1.0,1.0,1.0,1.0,0.0,15
density_point_pattern,bc_jackson2020,motif_apc_t_contact,spatial,lasso,20,0.8,0.5111111111111111,0.4,0.888888888888889,0.8,0.5111111111111111,0.4,0.0,15
density_point_pattern,bc_jackson2020,motif_apc_t_contact,spatial,shap,20,0.5333333333333333,0.4222222222222222,0.44,0.75,0.5333333333333333,0.4222222222222222,0.44,0.0,15
density_point_pattern,bc_jackson2020,motif_cd8_tumor_contact,spatial,lasso,11,1.0,0.6222222222222221,0.4266666666666667,1.0,1.0,0.6222222222222221,0.4266666666666667,0.0,15
density_point_pattern,bc_jackson2020,motif_cd8_tumor_contact,spatial,shap,11,0.8666666666666667,0.6222222222222221,0.4533333333333333,0.9166666666666666,0.8666666666666667,0.6222222222222221,0.4533333333333333,0.06666666666666667,15
density_point_pattern,bc_jackson2020,motif_macrophage_tumor_niche,spatial,lasso,150,0.13333333333333333,0.4444444444444444,0.5733333333333334,0.5166666666666667,0.13333333333333333,0.4444444444444444,0.5733333333333334,0.0,15
density_point_pattern,bc_jackson2020,motif_macrophage_tumor_niche,spatial,shap,150,0.26666666666666666,0.4222222222222222,0.6133333333333333,0.55,0.26666666666666666,0.4222222222222222,0.6133333333333333,0.06666666666666667,15
density_point_pattern,bc_jackson2020,motif_t_tumor_mixing,spatial,lasso,150,0.0,0.26666666666666666,0.29333333333333333,0.425,0.0,0.26666666666666666,0.29333333333333333,0.0,15
density_point_pattern,bc_jackson2020,motif_t_tumor_mixing,spatial,shap,150,0.4,0.3333333333333333,0.3466666666666667,0.6333333333333333,0.4,0.3333333333333333,0.3466666666666667,0.0,15
density_point_pattern,bc_jackson2020,motif_tumor_high,control,lasso,15,1.0,0.7333333333333333,0.6533333333333334,1.0,1.0,0.7333333333333333,0.6533333333333334,0.0,15
density_point_pattern,bc_jackson2020,motif_tumor_high,control,shap,15,1.0,0.4888888888888889,0.38666666666666666,1.0,1.0,0.4888888888888889,0.38666666666666666,0.0,15
density_point_pattern,bc_metabric_ali2020,motif_interface_immune,spatial,lasso,24,0.0,0.0,0.02666666666666667,0.10452214452214452,0.0,0.0,0.02666666666666667,0.0,15
density_point_pattern,bc_metabric_ali2020,motif_interface_immune,spatial,shap,24,0.0,0.04444444444444444,0.04000000000000001,0.07910401002506265,0.0,0.04444444444444444,0.04000000000000001,0.0,15
density_point_pattern,bc_metabric_ali2020,motif_tumor_stroma_mixing,spatial,lasso,0,0.0,0.0,0.0,0.0,0.0,0.0,0.0,0.0,15
density_point_pattern,bc_metabric_ali2020,motif_tumor_stroma_mixing,spatial,shap,0,0.0,0.0,0.0,0.0,0.0,0.0,0.0,0.0,15
density_point_pattern,hnc_wu2022,motif_cd8_clustering,spatial,lasso,10,1.0,1.0,0.9866666666666667,1.0,1.0,1.0,0.9866666666666667,0.0,15
density_point_pattern,hnc_wu2022,motif_cd8_clustering,spatial,shap,10,1.0,1.0,0.9466666666666667,1.0,1.0,1.0,0.9466666666666667,0.0,15
density_point_pattern,hnc_wu2022,motif_immune_exclusion,spatial,lasso,12,0.0,0.3333333333333333,0.2,0.5,0.0,0.3333333333333333,0.2,0.0,15
density_point_pattern,hnc_wu2022,motif_immune_exclusion,spatial,shap,12,0.26666666666666666,0.28888888888888886,0.21333333333333335,0.5888888888888889,0.26666666666666666,0.28888888888888886,0.21333333333333335,0.0,15
density_point_pattern,tnbc_wang2023,motif_cd8_high,control,lasso,4,1.0,0.8666666666666667,0.6266666666666667,1.0,1.0,0.8666666666666667,0.7833333333333333,0.0,15
density_point_pattern,tnbc_wang2023,motif_cd8_high,control,shap,4,0.9333333333333333,0.6666666666666666,0.5333333333333333,0.9666666666666667,0.9333333333333333,0.6666666666666666,0.6666666666666666,0.0,15
mixing_point_pattern,bc_jackson2020,motif_apc_t_contact,spatial,lasso,427,1.0,1.0,1.0,1.0,1.0,1.0,1.0,0.0,15
mixing_point_pattern,bc_jackson2020,motif_apc_t_contact,spatial,shap,427,1.0,1.0,1.0,1.0,1.0,1.0,1.0,0.0,15
mixing_point_pattern,bc_jackson2020,motif_cd8_tumor_contact,spatial,lasso,417,1.0,1.0,1.0,1.0,1.0,1.0,1.0,0.0,15
mixing_point_pattern,bc_jackson2020,motif_cd8_tumor_contact,spatial,shap,417,1.0,1.0,1.0,1.0,1.0,1.0,1.0,0.0,15
mixing_point_pattern,bc_jackson2020,motif_macrophage_tumor_niche,spatial,lasso,557,1.0,1.0,1.0,1.0,1.0,1.0,1.0,0.0,15
mixing_point_pattern,bc_jackson2020,motif_macrophage_tumor_niche,spatial,shap,557,1.0,1.0,1.0,1.0,1.0,1.0,1.0,0.0,15
mixing_point_pattern,bc_jackson2020,motif_t_tumor_mixing,spatial,lasso,557,1.0,1.0,1.0,1.0,1.0,1.0,1.0,0.0,15
mixing_point_pattern,bc_jackson2020,motif_t_tumor_mixing,spatial,shap,557,1.0,1.0,1.0,1.0,1.0,1.0,1.0,0.0,15
mixing_point_pattern,bc_jackson2020,motif_tumor_high,control,lasso,0,0.0,0.0,0.0,0.0,0.0,0.0,0.0,0.0,15
mixing_point_pattern,bc_jackson2020,motif_tumor_high,control,shap,0,0.0,0.0,0.0,0.0,0.0,0.0,0.0,0.0,15
mixing_point_pattern,bc_metabric_ali2020,motif_interface_immune,spatial,lasso,20,0.0,0.0,0.0,0.0,0.0,0.0,0.0,0.0,15
mixing_point_pattern,bc_metabric_ali2020,motif_interface_immune,spatial,shap,20,0.0,0.0,0.0,0.0044444444444444444,0.0,0.0,0.0,0.0,15
mixing_point_pattern,bc_metabric_ali2020,motif_tumor_stroma_mixing,spatial,lasso,491,1.0,0.9555555555555556,0.92,1.0,1.0,0.9555555555555556,0.92,0.0,15
mixing_point_pattern,bc_metabric_ali2020,motif_tumor_stroma_mixing,spatial,shap,491,1.0,0.9777777777777777,0.9600000000000001,1.0,1.0,0.9777777777777777,0.9600000000000001,0.0,15
mixing_point_pattern,hnc_wu2022,motif_cd8_clustering,spatial,lasso,19,1.0,0.8222222222222222,0.7066666666666667,1.0,1.0,0.8222222222222222,0.7066666666666667,0.0,15
mixing_point_pattern,hnc_wu2022,motif_cd8_clustering,spatial,shap,19,1.0,0.7333333333333333,0.6,1.0,1.0,0.7333333333333333,0.6,0.0,15
mixing_point_pattern,hnc_wu2022,motif_immune_exclusion,spatial,lasso,10,0.0,0.0,0.0,0.0,0.0,0.0,0.0,0.0,15
mixing_point_pattern,hnc_wu2022,motif_immune_exclusion,spatial,shap,10,0.0,0.0,0.0,0.0,0.0,0.0,0.0,0.0,15
mixing_point_pattern,tnbc_wang2023,motif_cd8_high,control,lasso,0,0.0,0.0,0.0,0.0,0.0,0.0,0.0,0.0,15
mixing_point_pattern,tnbc_wang2023,motif_cd8_high,control,shap,0,0.0,0.0,0.0,0.0,0.0,0.0,0.0,0.0,15
