method,dataset,task,kind,raw_passed,protocol_passed,verdict,dataset_controls_ok,n_folds,mean_auc_ridge,mean_auc_lasso,frac_lasso_passed,frac_shap_passed,frac_faithfulness_passed,frac_fold_passed,mean_drop_top,mean_drop_random,lasso_control_frac,shap_control_frac,control_frac_passed,lasso_verdict,shap_verdict,selected,shap_ok,family,explainer,lasso_ok
lasso_composition_density,bc_jackson2020,motif_apc_t_contact,spatial,False,False,fail_spatial,True,15,0.655012982440284,0.6562219324871529,0.0,0.0,0.6666666666666666,0.0,0.0714131410601217,0.0389619277798325,1.0,1.0,1.0,abundance_only_or_fail,abundance_only_or_fail,True,False,composition_density,lasso,
lasso_composition_density,bc_jackson2020,motif_cd8_tumor_contact,spatial,True,True,pass_spatial,True,15,0.7742995993516177,0.7735016344744253,1.0,0.8666666666666667,0.8666666666666667,0.7333333333333333,0.230579237706981,0.0948862120463348,1.0,1.0,1.0,pass_spatial,pass_spatial,True,True,composition_density,lasso,
lasso_composition_density,bc_jackson2020,motif_macrophage_tumor_niche,spatial,False,False,fail_spatial,True,15,0.6675570569340739,0.6523256962187206,0.0,0.0,0.6666666666666666,0.0,0.1300309687307336,0.0644282398678443,1.0,1.0,1.0,abundance_only_or_fail,abundance_only_or_fail,True,False,composition_density,lasso,
lasso_composition_density,bc_jackson2020,motif_t_tumor_mixing,spatial,False,False,fail_spatial,True,15,0.7799836943468025,0.7776268642715742,0.0,0.0,0.9333333333333332,0.0,0.2296639187773168,0.0816703327665713,1.0,1.0,1.0,abundance_only_or_fail,abundance_only_or_fail,True,False,composition_density,lasso,
lasso_composition_density,bc_jackson2020,motif_tumor_high,control,True,True,pass_control,True,15,0.998681827604822,0.9985957862423668,1.0,1.0,1.0,1.0,0.156793660761623,0.01490756587359,1.0,1.0,1.0,pass_control,pass_control,True,True,composition_density,lasso,
lasso_composition_density,bc_metabric_ali2020,motif_interface_immune,spatial,False,False,fail_spatial,True,15,0.6727117449010656,0.667195017129883,0.2666666666666666,0.2,0.9333333333333332,0.1333333333333333,0.1803080828355109,0.0303751349211423,1.0,1.0,1.0,abundance_only_or_fail,abundance_only_or_fail,True,False,composition_density,lasso,
lasso_composition_density,bc_metabric_ali2020,motif_tumor_stroma_mixing,spatial,False,False,fail_spatial,True,15,0.8264228738236041,0.8201431203447667,0.0,0.0,1.0,0.0,0.2699387918589969,0.1044153244825416,1.0,1.0,1.0,abundance_only_or_fail,abundance_only_or_fail,True,False,composition_density,lasso,
lasso_composition_density,hnc_wu2022,motif_cd8_clustering,spatial,False,False,fail_spatial,True,15,0.6947596869660048,0.6888909331394917,0.0,0.0,0.6666666666666666,0.0,0.1296670480462888,0.089734107941347,1.0,1.0,1.0,abundance_only_or_fail,abundance_only_or_fail,True,False,composition_density,lasso,
lasso_composition_density,hnc_wu2022,motif_immune_exclusion,spatial,True,True,pass_spatial,True,15,0.953367025803717,0.9526486033498353,0.6,0.8666666666666667,1.0,0.4666666666666667,0.3694177812995096,0.1033016850257427,1.0,1.0,1.0,pass_spatial,pass_spatial,True,True,composition_density,lasso,
lasso_composition_density,tnbc_wang2023,motif_cd8_high,control,True,True,pass_control,True,15,0.990203526786034,0.9905319036462416,1.0,1.0,1.0,1.0,0.1302174176395042,0.0057679497366905,1.0,1.0,1.0,pass_control,pass_control,True,True,composition_density,lasso,
shap_composition_density,bc_jackson2020,motif_apc_t_contact,spatial,False,False,fail_spatial,True,15,0.655012982440284,0.6562219324871529,0.0,0.0,0.6666666666666666,0.0,0.0714131410601217,0.0389619277798325,1.0,1.0,1.0,abundance_only_or_fail,abundance_only_or_fail,True,,composition_density,shap,False
shap_composition_density,bc_jackson2020,motif_cd8_tumor_contact,spatial,True,True,pass_spatial,True,15,0.7742995993516177,0.7735016344744253,1.0,0.8666666666666667,0.8666666666666667,0.7333333333333333,0.230579237706981,0.0948862120463348,1.0,1.0,1.0,pass_spatial,pass_spatial,True,,composition_density,shap,True
shap_composition_density,bc_jackson2020,motif_macrophage_tumor_niche,spatial,False,False,fail_spatial,True,15,0.6675570569340739,0.6523256962187206,0.0,0.0,0.6666666666666666,0.0,0.1300309687307336,0.0644282398678443,1.0,1.0,1.0,abundance_only_or_fail,abundance_only_or_fail,True,,composition_density,shap,False
shap_composition_density,bc_jackson2020,motif_t_tumor_mixing,spatial,False,False,fail_spatial,True,15,0.7799836943468025,0.7776268642715742,0.0,0.0,0.9333333333333332,0.0,0.2296639187773168,0.0816703327665713,1.0,1.0,1.0,abundance_only_or_fail,abundance_only_or_fail,True,,composition_density,shap,False
shap_composition_density,bc_jackson2020,motif_tumor_high,control,True,True,pass_control,True,15,0.998681827604822,0.9985957862423668,1.0,1.0,1.0,1.0,0.156793660761623,0.01490756587359,1.0,1.0,1.0,pass_control,pass_control,True,,composition_density,shap,True
shap_composition_density,bc_metabric_ali2020,motif_interface_immune,spatial,False,False,fail_spatial,True,15,0.6727117449010656,0.667195017129883,0.2666666666666666,0.2,0.9333333333333332,0.1333333333333333,0.1803080828355109,0.0303751349211423,1.0,1.0,1.0,abundance_only_or_fail,abundance_only_or_fail,True,,composition_density,shap,False
shap_composition_density,bc_metabric_ali2020,motif_tumor_stroma_mixing,spatial,False,False,fail_spatial,True,15,0.8264228738236041,0.8201431203447667,0.0,0.0,1.0,0.0,0.2699387918589969,0.1044153244825416,1.0,1.0,1.0,abundance_only_or_fail,abundance_only_or_fail,True,,composition_density,shap,False
shap_composition_density,hnc_wu2022,motif_cd8_clustering,spatial,False,False,fail_spatial,True,15,0.6947596869660048,0.6888909331394917,0.0,0.0,0.6666666666666666,0.0,0.1296670480462888,0.089734107941347,1.0,1.0,1.0,abundance_only_or_fail,abundance_only_or_fail,True,,composition_density,shap,False
shap_composition_density,hnc_wu2022,motif_immune_exclusion,spatial,True,True,pass_spatial,True,15,0.953367025803717,0.9526486033498353,0.6,0.8666666666666667,1.0,0.4666666666666667,0.3694177812995096,0.1033016850257427,1.0,1.0,1.0,pass_spatial,pass_spatial,True,,composition_density,shap,True
shap_composition_density,tnbc_wang2023,motif_cd8_high,control,True,True,pass_control,True,15,0.990203526786034,0.9905319036462416,1.0,1.0,1.0,1.0,0.1302174176395042,0.0057679497366905,1.0,1.0,1.0,pass_control,pass_control,True,,composition_density,shap,True
lasso_composition_mixing,bc_jackson2020,motif_apc_t_contact,spatial,True,True,pass_spatial,True,15,0.6898578550937108,0.6911848323806562,1.0,1.0,0.9333333333333332,0.9333333333333332,0.1100315020438229,0.004899090675224,0.8333333333333334,0.7333333333333333,0.7333333333333333,pass_spatial,pass_spatial,True,True,composition_mixing,lasso,
lasso_composition_mixing,bc_jackson2020,motif_cd8_tumor_contact,spatial,True,True,pass_spatial,True,15,0.8546227985962144,0.859858266487207,1.0,1.0,1.0,1.0,0.0721900182684662,0.0014709281080409,0.8333333333333334,0.7333333333333333,0.7333333333333333,pass_spatial,pass_spatial,True,True,composition_mixing,lasso,
lasso_composition_mixing,bc_jackson2020,motif_macrophage_tumor_niche,spatial,True,True,pass_spatial,True,15,0.8068418285202179,0.8077465405796544,1.0,1.0,1.0,1.0,0.1162802859405314,0.0045081301483175,0.8333333333333334,0.7333333333333333,0.7333333333333333,pass_spatial,pass_spatial,True,True,composition_mixing,lasso,
lasso_composition_mixing,bc_jackson2020,motif_t_tumor_mixing,spatial,True,True,pass_spatial,True,15,0.8545570564242144,0.8577555080918863,1.0,1.0,0.9333333333333332,0.9333333333333332,0.0844110889171911,0.0074773491877297,0.8333333333333334,0.7333333333333333,0.7333333333333333,pass_spatial,pass_spatial,True,True,composition_mixing,lasso,
lasso_composition_mixing,bc_jackson2020,motif_tumor_high,control,True,True,pass_control,True,15,0.9667498086423916,0.9677884167084864,0.6666666666666666,0.4666666666666667,1.0,0.4666666666666667,0.0442456527141069,-0.0001195973235554,0.8333333333333334,0.7333333333333333,0.7333333333333333,pass_control,fail_control,True,False,composition_mixing,lasso,
lasso_composition_mixing,bc_metabric_ali2020,motif_interface_immune,spatial,False,False,fail_control_block,False,15,0.5220725354897646,0.5242686605156958,0.0,0.0,0.4,0.0,-0.0008107564442783,0.0008742572205443,0.0,0.1333333333333333,0.0,fail_control_block,fail_control_block,True,False,composition_mixing,lasso,
lasso_composition_mixing,bc_metabric_ali2020,motif_tumor_stroma_mixing,spatial,True,False,fail_control_block,False,15,0.8211866028207535,0.8283315171181295,1.0,1.0,1.0,1.0,0.0745267610428977,0.0028665598080517,0.0,0.1333333333333333,0.0,fail_control_block,fail_control_block,True,True,composition_mixing,lasso,
lasso_composition_mixing,hnc_wu2022,motif_cd8_clustering,spatial,True,True,pass_spatial,True,15,0.9386639965220896,0.9387598938993168,1.0,1.0,0.9333333333333332,0.9333333333333332,0.2164124140263622,0.017760811438437,1.0,1.0,1.0,pass_spatial,pass_spatial,True,True,composition_mixing,lasso,
lasso_composition_mixing,hnc_wu2022,motif_immune_exclusion,spatial,False,False,fail_spatial,True,15,0.9247978693865252,0.9289453962699856,0.0,0.0,1.0,0.0,0.0560455623164369,0.0020987555212816,1.0,1.0,1.0,abundance_only_or_fail,abundance_only_or_fail,True,False,composition_mixing,lasso,
lasso_composition_mixing,tnbc_wang2023,motif_cd8_high,control,False,False,fail_control,False,15,0.9760251118301404,0.9737582063922432,0.0,0.4666666666666667,0.8666666666666667,0.0,0.0040089026906893,-0.0001652650062784,0.0,0.2333333333333333,0.0,fail_control,fail_control,True,False,composition_mixing,lasso,
shap_composition_mixing,bc_jackson2020,motif_apc_t_contact,spatial,True,False,fail_control_block,False,15,0.6898578550937108,0.6911848323806562,1.0,1.0,0.9333333333333332,0.9333333333333332,0.1100315020438229,0.004899090675224,0.8333333333333334,0.7333333333333333,0.7333333333333333,pass_spatial,pass_spatial,True,,composition_mixing,shap,True
shap_composition_mixing,bc_jackson2020,motif_cd8_tumor_contact,spatial,True,False,fail_control_block,False,15,0.8546227985962144,0.859858266487207,1.0,1.0,1.0,1.0,0.0721900182684662,0.0014709281080409,0.8333333333333334,0.7333333333333333,0.7333333333333333,pass_spatial,pass_spatial,True,,composition_mixing,shap,True
shap_composition_mixing,bc_jackson2020,motif_macrophage_tumor_niche,spatial,True,False,fail_control_block,False,15,0.8068418285202179,0.8077465405796544,1.0,1.0,1.0,1.0,0.1162802859405314,0.0045081301483175,0.8333333333333334,0.7333333333333333,0.7333333333333333,pass_spatial,pass_spatial,True,,composition_mixing,shap,True
shap_composition_mixing,bc_jackson2020,motif_t_tumor_mixing,spatial,True,False,fail_control_block,False,15,0.8545570564242144,0.8577555080918863,1.0,1.0,0.9333333333333332,0.9333333333333332,0.0844110889171911,0.0074773491877297,0.8333333333333334,0.7333333333333333,0.7333333333333333,pass_spatial,pass_spatial,True,,composition_mixing,shap,True
shap_composition_mixing,bc_jackson2020,motif_tumor_high,control,False,False,fail_control,False,15,0.9667498086423916,0.9677884167084864,0.6666666666666666,0.4666666666666667,1.0,0.4666666666666667,0.0442456527141069,-0.0001195973235554,0.8333333333333334,0.7333333333333333,0.7333333333333333,pass_control,fail_control,True,,composition_mixing,shap,True
shap_composition_mixing,bc_metabric_ali2020,motif_interface_immune,spatial,False,False,fail_control_block,False,15,0.5220725354897646,0.5242686605156958,0.0,0.0,0.4,0.0,-0.0008107564442783,0.0008742572205443,0.0,0.1333333333333333,0.0,fail_control_block,fail_control_block,True,,composition_mixing,shap,False
shap_composition_mixing,bc_metabric_ali2020,motif_tumor_stroma_mixing,spatial,True,False,fail_control_block,False,15,0.8211866028207535,0.8283315171181295,1.0,1.0,1.0,1.0,0.0745267610428977,0.0028665598080517,0.0,0.1333333333333333,0.0,fail_control_block,fail_control_block,True,,composition_mixing,shap,True
shap_composition_mixing,hnc_wu2022,motif_cd8_clustering,spatial,True,True,pass_spatial,True,15,0.9386639965220896,0.9387598938993168,1.0,1.0,0.9333333333333332,0.9333333333333332,0.2164124140263622,0.017760811438437,1.0,1.0,1.0,pass_spatial,pass_spatial,True,,composition_mixing,shap,True
shap_composition_mixing,hnc_wu2022,motif_immune_exclusion,spatial,False,False,fail_spatial,True,15,0.9247978693865252,0.9289453962699856,0.0,0.0,1.0,0.0,0.0560455623164369,0.0020987555212816,1.0,1.0,1.0,abundance_only_or_fail,abundance_only_or_fail,True,,composition_mixing,shap,False
shap_composition_mixing,tnbc_wang2023,motif_cd8_high,control,False,False,fail_control,False,15,0.9760251118301404,0.9737582063922432,0.0,0.4666666666666667,0.8666666666666667,0.0,0.0040089026906893,-0.0001652650062784,0.0,0.2333333333333333,0.0,fail_control,fail_control,True,,composition_mixing,shap,False
lasso_density_mixing,bc_jackson2020,motif_apc_t_contact,spatial,True,False,fail_control_block,False,15,0.7146314468067728,0.7157721700028384,1.0,1.0,1.0,1.0,0.1008878656824832,0.0016596194917355,0.5,0.5,0.5,pass_spatial,pass_spatial,True,True,density_mixing,lasso,
lasso_density_mixing,bc_jackson2020,motif_cd8_tumor_contact,spatial,True,False,fail_control_block,False,15,0.86277095060924,0.8679437168379741,1.0,1.0,1.0,1.0,0.0721154189241403,0.0005680642765327,0.5,0.5,0.5,pass_spatial,pass_spatial,True,True,density_mixing,lasso,
lasso_density_mixing,bc_jackson2020,motif_macrophage_tumor_niche,spatial,True,False,fail_control_block,False,15,0.8059525739871028,0.808455534836687,1.0,1.0,1.0,1.0,0.0999432821307586,0.0034957769917326,0.5,0.5,0.5,pass_spatial,pass_spatial,True,True,density_mixing,lasso,
lasso_density_mixing,bc_jackson2020,motif_t_tumor_mixing,spatial,True,False,fail_control_block,False,15,0.8616561101060985,0.8647010077192543,1.0,1.0,0.9333333333333332,0.9333333333333332,0.0750293506315254,0.0050622092025475,0.5,0.5,0.5,pass_spatial,pass_spatial,True,True,density_mixing,lasso,
lasso_density_mixing,bc_jackson2020,motif_tumor_high,control,True,True,pass_control,False,15,0.9657877435362908,0.9672404818474496,1.0,1.0,1.0,1.0,0.0344884711927673,0.0010403449408716,0.5,0.5,0.5,pass_control,pass_control,True,True,density_mixing,lasso,
lasso_density_mixing,bc_metabric_ali2020,motif_interface_immune,spatial,False,False,fail_control_block,False,15,0.5091565742174511,0.5131627433812559,0.0,0.0,0.3333333333333333,0.0,-0.0066172741487464,0.0025319924893907,0.5,0.5,0.4333333333333333,abundance_only_or_fail,abundance_only_or_fail,True,False,density_mixing,lasso,
lasso_density_mixing,bc_metabric_ali2020,motif_tumor_stroma_mixing,spatial,True,False,fail_control_block,False,15,0.8296913869117676,0.8328702358671249,1.0,1.0,1.0,1.0,0.0782468074270534,0.00308788893156,0.5,0.5,0.4333333333333333,pass_spatial,pass_spatial,True,True,density_mixing,lasso,
lasso_density_mixing,hnc_wu2022,motif_cd8_clustering,spatial,True,False,fail_control_block,False,15,0.960297478206988,0.9584935217610372,1.0,1.0,1.0,1.0,0.2322396524083724,0.0097365660399192,0.6666666666666666,0.7333333333333333,0.5666666666666667,pass_spatial,pass_spatial,True,True,density_mixing,lasso,
lasso_density_mixing,hnc_wu2022,motif_immune_exclusion,spatial,False,False,fail_control_block,False,15,0.9758398957766056,0.977862532173709,0.0,0.0,1.0,0.0,0.0950637587415565,0.0041725191595802,0.6666666666666666,0.7333333333333333,0.5666666666666667,abundance_only_or_fail,abundance_only_or_fail,True,False,density_mixing,lasso,
lasso_density_mixing,tnbc_wang2023,motif_cd8_high,control,False,False,fail_control,False,15,0.9757457281121866,0.9736361536164246,0.0,0.0,0.9333333333333332,0.0,0.0031615257696726,0.0001877536955666,0.5,0.5,0.3333333333333333,fail_control,fail_control,True,False,density_mixing,lasso,
shap_density_mixing,bc_jackson2020,motif_apc_t_contact,spatial,True,False,fail_control_block,False,15,0.7146314468067728,0.7157721700028384,1.0,1.0,1.0,1.0,0.1008878656824832,0.0016596194917355,0.5,0.5,0.5,pass_spatial,pass_spatial,True,,density_mixing,shap,True
shap_density_mixing,bc_jackson2020,motif_cd8_tumor_contact,spatial,True,False,fail_control_block,False,15,0.86277095060924,0.8679437168379741,1.0,1.0,1.0,1.0,0.0721154189241403,0.0005680642765327,0.5,0.5,0.5,pass_spatial,pass_spatial,True,,density_mixing,shap,True
shap_density_mixing,bc_jackson2020,motif_macrophage_tumor_niche,spatial,True,False,fail_control_block,False,15,0.8059525739871028,0.808455534836687,1.0,1.0,1.0,1.0,0.0999432821307586,0.0034957769917326,0.5,0.5,0.5,pass_spatial,pass_spatial,True,,density_mixing,shap,True
shap_density_mixing,bc_jackson2020,motif_t_tumor_mixing,spatial,True,False,fail_control_block,False,15,0.8616561101060985,0.8647010077192543,1.0,1.0,0.9333333333333332,0.9333333333333332,0.0750293506315254,0.0050622092025475,0.5,0.5,0.5,pass_spatial,pass_spatial,True,,density_mixing,shap,True
shap_density_mixing,bc_jackson2020,motif_tumor_high,control,True,True,pass_control,False,15,0.9657877435362908,0.9672404818474496,1.0,1.0,1.0,1.0,0.0344884711927673,0.0010403449408716,0.5,0.5,0.5,pass_control,pass_control,True,,density_mixing,shap,True
shap_density_mixing,bc_metabric_ali2020,motif_interface_immune,spatial,False,False,fail_control_block,False,15,0.5091565742174511,0.5131627433812559,0.0,0.0,0.3333333333333333,0.0,-0.0066172741487464,0.0025319924893907,0.5,0.5,0.4333333333333333,abundance_only_or_fail,abundance_only_or_fail,True,,density_mixing,shap,False
shap_density_mixing,bc_metabric_ali2020,motif_tumor_stroma_mixing,spatial,True,False,fail_control_block,False,15,0.8296913869117676,0.8328702358671249,1.0,1.0,1.0,1.0,0.0782468074270534,0.00308788893156,0.5,0.5,0.4333333333333333,pass_spatial,pass_spatial,True,,density_mixing,shap,True
shap_density_mixing,hnc_wu2022,motif_cd8_clustering,spatial,True,False,fail_control_block,False,15,0.960297478206988,0.9584935217610372,1.0,1.0,1.0,1.0,0.2322396524083724,0.0097365660399192,0.6666666666666666,0.7333333333333333,0.5666666666666667,pass_spatial,pass_spatial,True,,density_mixing,shap,True
shap_density_mixing,hnc_wu2022,motif_immune_exclusion,spatial,False,False,fail_control_block,False,15,0.9758398957766056,0.977862532173709,0.0,0.0,1.0,0.0,0.0950637587415565,0.0041725191595802,0.6666666666666666,0.7333333333333333,0.5666666666666667,abundance_only_or_fail,abundance_only_or_fail,True,,density_mixing,shap,False
shap_density_mixing,tnbc_wang2023,motif_cd8_high,control,False,False,fail_control,False,15,0.9757457281121866,0.9736361536164246,0.0,0.0,0.9333333333333332,0.0,0.0031615257696726,0.0001877536955666,0.5,0.5,0.3333333333333333,fail_control,fail_control,True,,density_mixing,shap,False
lasso_composition_point_pattern,bc_jackson2020,motif_apc_t_contact,spatial,True,True,pass_spatial,True,15,0.6126215651130551,0.6101267394071765,0.9333333333333332,0.9333333333333332,0.9333333333333332,0.8666666666666667,0.1048462360970808,0.0108196113493239,1.0,1.0,1.0,pass_spatial,pass_spatial,True,True,composition_point_pattern,lasso,
lasso_composition_point_pattern,bc_jackson2020,motif_cd8_tumor_contact,spatial,True,True,pass_spatial,True,15,0.7304132373944902,0.7372612430607582,0.8,0.8666666666666667,0.8666666666666667,0.6,0.0770971608602251,0.0221086292891445,1.0,1.0,1.0,pass_spatial,pass_spatial,True,True,composition_point_pattern,lasso,
lasso_composition_point_pattern,bc_jackson2020,motif_macrophage_tumor_niche,spatial,True,True,pass_spatial,True,15,0.5678965402630517,0.5683544715099111,0.9333333333333332,1.0,0.6666666666666666,0.6666666666666666,0.0436307619133341,0.0056342296891711,1.0,1.0,1.0,pass_spatial,pass_spatial,True,True,composition_point_pattern,lasso,
lasso_composition_point_pattern,bc_jackson2020,motif_t_tumor_mixing,spatial,True,True,pass_spatial,True,15,0.746146012866917,0.7517865391021725,0.8666666666666667,0.9333333333333332,0.9333333333333332,0.8,0.0780294279959908,0.0005997507283103,1.0,1.0,1.0,pass_spatial,pass_spatial,True,True,composition_point_pattern,lasso,
lasso_composition_point_pattern,bc_jackson2020,motif_tumor_high,control,True,True,pass_control,True,15,0.9890531926177588,0.9889970645821846,1.0,1.0,1.0,1.0,0.3185751656400635,0.0100563477678731,1.0,1.0,1.0,pass_control,pass_control,True,True,composition_point_pattern,lasso,
lasso_composition_point_pattern,bc_metabric_ali2020,motif_interface_immune,spatial,False,False,fail_control_block,False,15,0.6293924106936332,0.6270069565436287,0.0,0.0666666666666666,0.7333333333333333,0.0,0.0655414721607934,0.012982686876441,0.5,0.5,0.5,abundance_only_or_fail,abundance_only_or_fail,True,False,composition_point_pattern,lasso,
lasso_composition_point_pattern,bc_metabric_ali2020,motif_tumor_stroma_mixing,spatial,False,False,fail_control_block,False,15,0.7574197137030866,0.7571412615352778,0.0,0.0,0.9333333333333332,0.0,0.0897106779698133,0.0259948076371044,0.5,0.5,0.5,abundance_only_or_fail,abundance_only_or_fail,True,False,composition_point_pattern,lasso,
lasso_composition_point_pattern,hnc_wu2022,motif_cd8_clustering,spatial,True,True,pass_spatial,True,15,0.9065541757026876,0.906116345217428,1.0,1.0,1.0,1.0,0.3220121096377089,0.018282339108449,1.0,1.0,1.0,pass_spatial,pass_spatial,True,True,composition_point_pattern,lasso,
lasso_composition_point_pattern,hnc_wu2022,motif_immune_exclusion,spatial,False,False,fail_spatial,True,15,0.8909526025595527,0.8901255335479407,0.0,0.0,1.0,0.0,0.1757643930262626,0.0155428653996529,1.0,1.0,1.0,abundance_only_or_fail,abundance_only_or_fail,True,False,composition_point_pattern,lasso,
lasso_composition_point_pattern,tnbc_wang2023,motif_cd8_high,control,True,True,pass_control,False,15,0.9676007983294452,0.966590522271932,1.0,1.0,1.0,1.0,0.1343745455622436,0.0045695539583025,0.5,0.5,0.5,pass_control,pass_control,True,True,composition_point_pattern,lasso,
shap_composition_point_pattern,bc_jackson2020,motif_apc_t_contact,spatial,True,True,pass_spatial,True,15,0.6126215651130551,0.6101267394071765,0.9333333333333332,0.9333333333333332,0.9333333333333332,0.8666666666666667,0.1048462360970808,0.0108196113493239,1.0,1.0,1.0,pass_spatial,pass_spatial,True,,composition_point_pattern,shap,True
shap_composition_point_pattern,bc_jackson2020,motif_cd8_tumor_contact,spatial,True,True,pass_spatial,True,15,0.7304132373944902,0.7372612430607582,0.8,0.8666666666666667,0.8666666666666667,0.6,0.0770971608602251,0.0221086292891445,1.0,1.0,1.0,pass_spatial,pass_spatial,True,,composition_point_pattern,shap,True
shap_composition_point_pattern,bc_jackson2020,motif_macrophage_tumor_niche,spatial,True,True,pass_spatial,True,15,0.5678965402630517,0.5683544715099111,0.9333333333333332,1.0,0.6666666666666666,0.6666666666666666,0.0436307619133341,0.0056342296891711,1.0,1.0,1.0,pass_spatial,pass_spatial,True,,composition_point_pattern,shap,True
shap_composition_point_pattern,bc_jackson2020,motif_t_tumor_mixing,spatial,True,True,pass_spatial,True,15,0.746146012866917,0.7517865391021725,0.8666666666666667,0.9333333333333332,0.9333333333333332,0.8,0.0780294279959908,0.0005997507283103,1.0,1.0,1.0,pass_spatial,pass_spatial,True,,composition_point_pattern,shap,True
shap_composition_point_pattern,bc_jackson2020,motif_tumor_high,control,True,True,pass_control,True,15,0.9890531926177588,0.9889970645821846,1.0,1.0,1.0,1.0,0.3185751656400635,0.0100563477678731,1.0,1.0,1.0,pass_control,pass_control,True,,composition_point_pattern,shap,True
shap_composition_point_pattern,bc_metabric_ali2020,motif_interface_immune,spatial,False,False,fail_control_block,False,15,0.6293924106936332,0.6270069565436287,0.0,0.0666666666666666,0.7333333333333333,0.0,0.0655414721607934,0.012982686876441,0.5,0.5,0.5,abundance_only_or_fail,abundance_only_or_fail,True,,composition_point_pattern,shap,False
shap_composition_point_pattern,bc_metabric_ali2020,motif_tumor_stroma_mixing,spatial,False,False,fail_control_block,False,15,0.7574197137030866,0.7571412615352778,0.0,0.0,0.9333333333333332,0.0,0.0897106779698133,0.0259948076371044,0.5,0.5,0.5,abundance_only_or_fail,abundance_only_or_fail,True,,composition_point_pattern,shap,False
shap_composition_point_pattern,hnc_wu2022,motif_cd8_clustering,spatial,True,True,pass_spatial,True,15,0.9065541757026876,0.906116345217428,1.0,1.0,1.0,1.0,0.3220121096377089,0.018282339108449,1.0,1.0,1.0,pass_spatial,pass_spatial,True,,composition_point_pattern,shap,True
shap_composition_point_pattern,hnc_wu2022,motif_immune_exclusion,spatial,False,False,fail_spatial,True,15,0.8909526025595527,0.8901255335479407,0.0,0.0,1.0,0.0,0.1757643930262626,0.0155428653996529,1.0,1.0,1.0,abundance_only_or_fail,abundance_only_or_fail,True,,composition_point_pattern,shap,False
shap_composition_point_pattern,tnbc_wang2023,motif_cd8_high,control,True,True,pass_control,False,15,0.9676007983294452,0.966590522271932,1.0,1.0,1.0,1.0,0.1343745455622436,0.0045695539583025,0.5,0.5,0.5,pass_control,pass_control,True,,composition_point_pattern,shap,True
lasso_density_point_pattern,bc_jackson2020,motif_apc_t_contact,spatial,True,True,pass_spatial,True,15,0.6346792667326824,0.6320186482016791,1.0,1.0,0.9333333333333332,0.9333333333333332,0.1053975425441338,0.0121837811291139,1.0,1.0,1.0,pass_spatial,pass_spatial,True,True,density_point_pattern,lasso,
lasso_density_point_pattern,bc_jackson2020,motif_cd8_tumor_contact,spatial,True,True,pass_spatial,True,15,0.7983394278414213,0.7989379537965833,1.0,0.9333333333333332,0.9333333333333332,0.8666666666666667,0.0986780583691196,0.0195719505542407,1.0,1.0,1.0,pass_spatial,pass_spatial,True,True,density_point_pattern,lasso,
lasso_density_point_pattern,bc_jackson2020,motif_macrophage_tumor_niche,spatial,True,True,pass_spatial,True,15,0.6356535071109131,0.6335350190516285,1.0,0.9333333333333332,0.8,0.7333333333333333,0.0853846562420463,0.0162325985529754,1.0,1.0,1.0,pass_spatial,pass_spatial,True,True,density_point_pattern,lasso,
lasso_density_point_pattern,bc_jackson2020,motif_t_tumor_mixing,spatial,True,True,pass_spatial,True,15,0.7959385865454573,0.7990592350602576,0.8666666666666667,0.8666666666666667,0.9333333333333332,0.8666666666666667,0.0959389044432606,0.0189468129292631,1.0,1.0,1.0,pass_spatial,pass_spatial,True,True,density_point_pattern,lasso,
lasso_density_point_pattern,bc_jackson2020,motif_tumor_high,control,True,True,pass_control,True,15,0.9837189580346876,0.9839210733261284,1.0,1.0,1.0,1.0,0.1989771773357339,0.005450197727317,1.0,1.0,1.0,pass_control,pass_control,True,True,density_point_pattern,lasso,
lasso_density_point_pattern,bc_metabric_ali2020,motif_interface_immune,spatial,False,False,fail_spatial,True,15,0.6312766644857504,0.6302590393235957,0.1333333333333333,0.2,0.8666666666666667,0.0,0.0615642876239178,0.0129982553660106,1.0,1.0,1.0,abundance_only_or_fail,abundance_only_or_fail,True,False,density_point_pattern,lasso,
lasso_density_point_pattern,bc_metabric_ali2020,motif_tumor_stroma_mixing,spatial,False,False,fail_spatial,True,15,0.7606241781876762,0.7620157880972745,0.0,0.0,0.9333333333333332,0.0,0.0893010942028393,0.0014638958372914,1.0,1.0,1.0,abundance_only_or_fail,abundance_only_or_fail,True,False,density_point_pattern,lasso,
lasso_density_point_pattern,hnc_wu2022,motif_cd8_clustering,spatial,True,True,pass_spatial,True,15,0.9209053630976192,0.9117364651720912,1.0,1.0,1.0,1.0,0.3411444921490847,0.0307818752730017,1.0,1.0,1.0,pass_spatial,pass_spatial,True,True,density_point_pattern,lasso,
lasso_density_point_pattern,hnc_wu2022,motif_immune_exclusion,spatial,True,True,pass_spatial,True,15,0.928248274769484,0.9254680922275408,1.0,1.0,1.0,1.0,0.2002345028532829,0.0072031227986391,1.0,1.0,1.0,pass_spatial,pass_spatial,True,True,density_point_pattern,lasso,
lasso_density_point_pattern,tnbc_wang2023,motif_cd8_high,control,True,True,pass_control,True,15,0.958996851021688,0.9576055479714838,1.0,1.0,1.0,1.0,0.0640038910451681,0.0018802970416975,1.0,1.0,1.0,pass_control,pass_control,True,True,density_point_pattern,lasso,
shap_density_point_pattern,bc_jackson2020,motif_apc_t_contact,spatial,True,True,pass_spatial,True,15,0.6346792667326824,0.6320186482016791,1.0,1.0,0.9333333333333332,0.9333333333333332,0.1053975425441338,0.0121837811291139,1.0,1.0,1.0,pass_spatial,pass_spatial,True,,density_point_pattern,shap,True
shap_density_point_pattern,bc_jackson2020,motif_cd8_tumor_contact,spatial,True,True,pass_spatial,True,15,0.7983394278414213,0.7989379537965833,1.0,0.9333333333333332,0.9333333333333332,0.8666666666666667,0.0986780583691196,0.0195719505542407,1.0,1.0,1.0,pass_spatial,pass_spatial,True,,density_point_pattern,shap,True
shap_density_point_pattern,bc_jackson2020,motif_macrophage_tumor_niche,spatial,True,True,pass_spatial,True,15,0.6356535071109131,0.6335350190516285,1.0,0.9333333333333332,0.8,0.7333333333333333,0.0853846562420463,0.0162325985529754,1.0,1.0,1.0,pass_spatial,pass_spatial,True,,density_point_pattern,shap,True
shap_density_point_pattern,bc_jackson2020,motif_t_tumor_mixing,spatial,True,True,pass_spatial,True,15,0.7959385865454573,0.7990592350602576,0.8666666666666667,0.8666666666666667,0.9333333333333332,0.8666666666666667,0.0959389044432606,0.0189468129292631,1.0,1.0,1.0,pass_spatial,pass_spatial,True,,density_point_pattern,shap,True
shap_density_point_pattern,bc_jackson2020,motif_tumor_high,control,True,True,pass_control,True,15,0.9837189580346876,0.9839210733261284,1.0,1.0,1.0,1.0,0.1989771773357339,0.005450197727317,1.0,1.0,1.0,pass_control,pass_control,True,,density_point_pattern,shap,True
shap_density_point_pattern,bc_metabric_ali2020,motif_interface_immune,spatial,False,False,fail_spatial,True,15,0.6312766644857504,0.6302590393235957,0.1333333333333333,0.2,0.8666666666666667,0.0,0.0615642876239178,0.0129982553660106,1.0,1.0,1.0,abundance_only_or_fail,abundance_only_or_fail,True,,density_point_pattern,shap,False
shap_density_point_pattern,bc_metabric_ali2020,motif_tumor_stroma_mixing,spatial,False,False,fail_spatial,True,15,0.7606241781876762,0.7620157880972745,0.0,0.0,0.9333333333333332,0.0,0.0893010942028393,0.0014638958372914,1.0,1.0,1.0,abundance_only_or_fail,abundance_only_or_fail,True,,density_point_pattern,shap,False
shap_density_point_pattern,hnc_wu2022,motif_cd8_clustering,spatial,True,True,pass_spatial,True,15,0.9209053630976192,0.9117364651720912,1.0,1.0,1.0,1.0,0.3411444921490847,0.0307818752730017,1.0,1.0,1.0,pass_spatial,pass_spatial,True,,density_point_pattern,shap,True
shap_density_point_pattern,hnc_wu2022,motif_immune_exclusion,spatial,True,True,pass_spatial,True,15,0.928248274769484,0.9254680922275408,1.0,1.0,1.0,1.0,0.2002345028532829,0.0072031227986391,1.0,1.0,1.0,pass_spatial,pass_spatial,True,,density_point_pattern,shap,True
shap_density_point_pattern,tnbc_wang2023,motif_cd8_high,control,True,True,pass_control,True,15,0.958996851021688,0.9576055479714838,1.0,1.0,1.0,1.0,0.0640038910451681,0.0018802970416975,1.0,1.0,1.0,pass_control,pass_control,True,,density_point_pattern,shap,True
lasso_mixing_point_pattern,bc_jackson2020,motif_apc_t_contact,spatial,True,False,fail_control_block,False,15,0.6440463601774284,0.6478609132813157,1.0,1.0,0.9333333333333332,0.9333333333333332,0.0682489786446909,0.002204645983489,0.0,0.0,0.0,fail_control_block,fail_control_block,True,True,mixing_point_pattern,lasso,
lasso_mixing_point_pattern,bc_jackson2020,motif_cd8_tumor_contact,spatial,True,False,fail_control_block,False,15,0.8640742090154157,0.8693932774201723,1.0,1.0,0.8666666666666667,0.8666666666666667,0.0473324812324493,0.0066644764794288,0.0,0.0,0.0,fail_control_block,fail_control_block,True,True,mixing_point_pattern,lasso,
lasso_mixing_point_pattern,bc_jackson2020,motif_macrophage_tumor_niche,spatial,True,False,fail_control_block,False,15,0.7813246787353999,0.7787965189244207,1.0,1.0,0.9333333333333332,0.9333333333333332,0.0970089330152078,0.0042523626538326,0.0,0.0,0.0,fail_control_block,fail_control_block,True,True,mixing_point_pattern,lasso,
lasso_mixing_point_pattern,bc_jackson2020,motif_t_tumor_mixing,spatial,True,False,fail_control_block,False,15,0.8638557392117259,0.8684703753775338,1.0,1.0,1.0,1.0,0.054054984986121,0.0006507222523092,0.0,0.0,0.0,fail_control_block,fail_control_block,True,True,mixing_point_pattern,lasso,
lasso_mixing_point_pattern,bc_jackson2020,motif_tumor_high,control,False,False,fail_control,False,15,0.95619122145964,0.957621344952155,0.0,0.0,1.0,0.0,0.0265453350471059,0.0002433843415198,0.0,0.0,0.0,fail_control,fail_control,True,False,mixing_point_pattern,lasso,
lasso_mixing_point_pattern,bc_metabric_ali2020,motif_interface_immune,spatial,False,False,fail_control_block,False,15,0.5855827108464705,0.5860813099710197,0.0,0.0,0.3333333333333333,0.0,0.0061586939710153,-7.398074590801255e-05,0.0,0.0,0.0,fail_control_block,fail_control_block,True,False,mixing_point_pattern,lasso,
lasso_mixing_point_pattern,bc_metabric_ali2020,motif_tumor_stroma_mixing,spatial,True,False,fail_control_block,False,15,0.8601339770314911,0.8635831469431203,1.0,1.0,1.0,1.0,0.0508931864270948,0.0001025719397484,0.0,0.0,0.0,fail_control_block,fail_control_block,True,True,mixing_point_pattern,lasso,
lasso_mixing_point_pattern,hnc_wu2022,motif_cd8_clustering,spatial,True,False,fail_control_block,False,15,0.9394224370848548,0.9366122990251636,1.0,1.0,1.0,1.0,0.179119355018607,0.0010020521323035,0.0,0.0,0.0,fail_control_block,fail_control_block,True,True,mixing_point_pattern,lasso,
lasso_mixing_point_pattern,hnc_wu2022,motif_immune_exclusion,spatial,False,False,fail_control_block,False,15,0.9643208296337656,0.9621727641994336,0.0,0.0,0.6666666666666666,0.0,0.0210690517818471,0.0030476912037996,0.0,0.0,0.0,fail_control_block,fail_control_block,True,False,mixing_point_pattern,lasso,
lasso_mixing_point_pattern,tnbc_wang2023,motif_cd8_high,control,False,False,fail_control,False,15,0.9757692536344156,0.974232343836934,0.0,0.0,0.8666666666666667,0.0,0.0023885178096772,-0.0002165500864205,0.0,0.0,0.0,fail_control,fail_control,True,False,mixing_point_pattern,lasso,
shap_mixing_point_pattern,bc_jackson2020,motif_apc_t_contact,spatial,True,False,fail_control_block,False,15,0.6440463601774284,0.6478609132813157,1.0,1.0,0.9333333333333332,0.9333333333333332,0.0682489786446909,0.002204645983489,0.0,0.0,0.0,fail_control_block,fail_control_block,True,,mixing_point_pattern,shap,True
shap_mixing_point_pattern,bc_jackson2020,motif_cd8_tumor_contact,spatial,True,False,fail_control_block,False,15,0.8640742090154157,0.8693932774201723,1.0,1.0,0.8666666666666667,0.8666666666666667,0.0473324812324493,0.0066644764794288,0.0,0.0,0.0,fail_control_block,fail_control_block,True,,mixing_point_pattern,shap,True
shap_mixing_point_pattern,bc_jackson2020,motif_macrophage_tumor_niche,spatial,True,False,fail_control_block,False,15,0.7813246787353999,0.7787965189244207,1.0,1.0,0.9333333333333332,0.9333333333333332,0.0970089330152078,0.0042523626538326,0.0,0.0,0.0,fail_control_block,fail_control_block,True,,mixing_point_pattern,shap,True
shap_mixing_point_pattern,bc_jackson2020,motif_t_tumor_mixing,spatial,True,False,fail_control_block,False,15,0.8638557392117259,0.8684703753775338,1.0,1.0,1.0,1.0,0.054054984986121,0.0006507222523092,0.0,0.0,0.0,fail_control_block,fail_control_block,True,,mixing_point_pattern,shap,True
shap_mixing_point_pattern,bc_jackson2020,motif_tumor_high,control,False,False,fail_control,False,15,0.95619122145964,0.957621344952155,0.0,0.0,1.0,0.0,0.0265453350471059,0.0002433843415198,0.0,0.0,0.0,fail_control,fail_control,True,,mixing_point_pattern,shap,False
shap_mixing_point_pattern,bc_metabric_ali2020,motif_interface_immune,spatial,False,False,fail_control_block,False,15,0.5855827108464705,0.5860813099710197,0.0,0.0,0.3333333333333333,0.0,0.0061586939710153,-7.398074590801255e-05,0.0,0.0,0.0,fail_control_block,fail_control_block,True,,mixing_point_pattern,shap,False
shap_mixing_point_pattern,bc_metabric_ali2020,motif_tumor_stroma_mixing,spatial,True,False,fail_control_block,False,15,0.8601339770314911,0.8635831469431203,1.0,1.0,1.0,1.0,0.0508931864270948,0.0001025719397484,0.0,0.0,0.0,fail_control_block,fail_control_block,True,,mixing_point_pattern,shap,True
shap_mixing_point_pattern,hnc_wu2022,motif_cd8_clustering,spatial,True,False,fail_control_block,False,15,0.9394224370848548,0.9366122990251636,1.0,1.0,1.0,1.0,0.179119355018607,0.0010020521323035,0.0,0.0,0.0,fail_control_block,fail_control_block,True,,mixing_point_pattern,shap,True
shap_mixing_point_pattern,hnc_wu2022,motif_immune_exclusion,spatial,False,False,fail_control_block,False,15,0.9643208296337656,0.9621727641994336,0.0,0.0,0.6666666666666666,0.0,0.0210690517818471,0.0030476912037996,0.0,0.0,0.0,fail_control_block,fail_control_block,True,,mixing_point_pattern,shap,False
shap_mixing_point_pattern,tnbc_wang2023,motif_cd8_high,control,False,False,fail_control,False,15,0.9757692536344156,0.974232343836934,0.0,0.0,0.8666666666666667,0.0,0.0023885178096772,-0.0002165500864205,0.0,0.0,0.0,fail_control,fail_control,True,,mixing_point_pattern,shap,False
