dataset,task,seed,fold,method,kind,hit_in_top5,n_hit_in_top,best_hit_rank,top1,miss_as_top1,recovered,passed,auc_lasso,auc_ridge,faithfulness_drop_top,faithfulness_drop_random,faithfulness_passed
hnc_wu2022,motif_cd8_clustering,0,0,lasso,spatial,,0,,utag_std__Vimentin,False,False,False,0.6168831168831169,0.6190476190476191,0.0064935064935065,-0.0021645021645022,True
hnc_wu2022,motif_cd8_clustering,0,0,shap,spatial,,0,,utag_mean__CD69,False,False,False,0.6168831168831169,0.6190476190476191,0.0064935064935065,-0.0021645021645022,True
hnc_wu2022,motif_cd8_clustering,0,1,lasso,spatial,,0,,utag_mean__CD4,False,False,False,0.591304347826087,0.5594202898550724,0.0449275362318839,0.034782608695652,True
hnc_wu2022,motif_cd8_clustering,0,1,shap,spatial,,0,,utag_mean__HLA-DR,False,False,False,0.591304347826087,0.5594202898550724,0.0449275362318839,0.034782608695652,True
hnc_wu2022,motif_cd8_clustering,0,2,lasso,spatial,,0,,utag_std__CD8,True,False,False,0.615,0.57,0.1149999999999999,0.0874999999999999,True
hnc_wu2022,motif_cd8_clustering,0,2,shap,spatial,,0,,utag_mean__HLA-DR,False,False,False,0.615,0.57,0.1149999999999999,0.0874999999999999,True
hnc_wu2022,motif_cd8_clustering,0,3,lasso,spatial,,0,,utag_std__Vimentin,False,False,False,0.4441176470588235,0.4470588235294117,-0.1441176470588235,0.0588235294117646,False
hnc_wu2022,motif_cd8_clustering,0,3,shap,spatial,,0,,utag_std__Vimentin,False,False,False,0.4441176470588235,0.4470588235294117,-0.1441176470588235,0.0588235294117646,False
hnc_wu2022,motif_cd8_clustering,0,4,lasso,spatial,,0,,utag_std__Vimentin,False,False,False,0.622895622895623,0.5538720538720538,-0.0016835016835017,0.1026936026936026,False
hnc_wu2022,motif_cd8_clustering,0,4,shap,spatial,,0,,utag_std__Vimentin,False,False,False,0.622895622895623,0.5538720538720538,-0.0016835016835017,0.1026936026936026,False
hnc_wu2022,motif_cd8_clustering,1,0,lasso,spatial,,0,,utag_std__Vimentin,False,False,False,0.4976958525345621,0.4055299539170506,-0.0122887864823348,0.118279569892473,False
hnc_wu2022,motif_cd8_clustering,1,0,shap,spatial,,0,,utag_std__HLA-DR,False,False,False,0.4976958525345621,0.4055299539170506,-0.0122887864823348,0.118279569892473,False
hnc_wu2022,motif_cd8_clustering,1,1,lasso,spatial,,0,,utag_std__Vimentin,False,False,False,0.5505952380952381,0.5565476190476191,0.0535714285714286,0.0267857142857141,True
hnc_wu2022,motif_cd8_clustering,1,1,shap,spatial,,0,,utag_std__Vimentin,False,False,False,0.5505952380952381,0.5565476190476191,0.0535714285714286,0.0267857142857141,True
hnc_wu2022,motif_cd8_clustering,1,2,lasso,spatial,,0,,utag_std__CD8,True,False,False,0.4560185185185185,0.4375,0.0300925925925925,0.0277777777777777,True
hnc_wu2022,motif_cd8_clustering,1,2,shap,spatial,,0,,utag_mean__HLA-DR,False,False,False,0.4560185185185185,0.4375,0.0300925925925925,0.0277777777777777,True
hnc_wu2022,motif_cd8_clustering,1,3,lasso,spatial,,0,,utag_mean__HLA-DR,False,False,False,0.6770370370370371,0.6266666666666667,-0.0044444444444443,-0.0251851851851852,True
hnc_wu2022,motif_cd8_clustering,1,3,shap,spatial,,0,,utag_mean__HLA-DR,False,False,False,0.6770370370370371,0.6266666666666667,-0.0044444444444443,-0.0251851851851852,True
hnc_wu2022,motif_cd8_clustering,1,4,lasso,spatial,,0,,utag_std__Vimentin,False,False,False,0.6414141414141413,0.6464646464646464,0.0808080808080807,0.1035353535353534,False
hnc_wu2022,motif_cd8_clustering,1,4,shap,spatial,,0,,utag_mean__HLA-DR,False,False,False,0.6414141414141413,0.6464646464646464,0.0808080808080807,0.1035353535353534,False
hnc_wu2022,motif_cd8_clustering,2,0,lasso,spatial,,0,,utag_mean__CD4,False,False,False,0.6822742474916388,0.6220735785953178,0.1404682274247491,-0.0334448160535116,True
hnc_wu2022,motif_cd8_clustering,2,0,shap,spatial,,0,,utag_mean__CD31,False,False,False,0.6822742474916388,0.6220735785953178,0.1404682274247491,-0.0334448160535116,True
hnc_wu2022,motif_cd8_clustering,2,1,lasso,spatial,,0,,utag_mean__HLA-DR,False,False,False,0.5058823529411764,0.4964705882352941,-0.0658823529411765,-0.0470588235294117,False
hnc_wu2022,motif_cd8_clustering,2,1,shap,spatial,,0,,utag_mean__CD117,False,False,False,0.5058823529411764,0.4964705882352941,-0.0658823529411765,-0.0470588235294117,False
hnc_wu2022,motif_cd8_clustering,2,2,lasso,spatial,,0,,utag_mean__HLA-DR,False,False,False,0.625,0.5946969696969697,0.0227272727272727,0.0871212121212121,False
hnc_wu2022,motif_cd8_clustering,2,2,shap,spatial,,0,,utag_mean__HLA-DR,False,False,False,0.625,0.5946969696969697,0.0227272727272727,0.0871212121212121,False
hnc_wu2022,motif_cd8_clustering,2,3,lasso,spatial,,0,,utag_std__Vimentin,False,False,False,0.5220458553791887,0.4744268077601411,-0.0246913580246913,-0.0246913580246913,False
hnc_wu2022,motif_cd8_clustering,2,3,shap,spatial,,0,,utag_mean__CD4,False,False,False,0.5220458553791887,0.4744268077601411,-0.0246913580246913,-0.0246913580246913,False
hnc_wu2022,motif_cd8_clustering,2,4,lasso,spatial,,0,,utag_std__Vimentin,False,False,False,0.6274509803921569,0.5602240896358543,-0.0056022408963585,-0.1148459383753501,True
hnc_wu2022,motif_cd8_clustering,2,4,shap,spatial,,0,,utag_std__Vimentin,False,False,False,0.6274509803921569,0.5602240896358543,-0.0056022408963585,-0.1148459383753501,True
hnc_wu2022,motif_cd8_high,0,0,lasso,control,utag_mean__CD8;utag_mean__CD3e,2,2.0,utag_std__CD8,False,True,True,0.9287581699346404,0.9287581699346404,0.2555555555555555,0.0150326797385619,True
hnc_wu2022,motif_cd8_high,0,0,shap,control,utag_mean__CD8;utag_mean__CD3e,2,2.0,utag_std__CD8,False,True,True,0.9287581699346404,0.9287581699346404,0.2555555555555555,0.0150326797385619,True
hnc_wu2022,motif_cd8_high,0,1,lasso,control,utag_mean__CD8,1,2.0,utag_std__CD8,False,True,True,0.9134920634920636,0.9246031746031744,0.365079365079365,-0.0134920634920636,True
hnc_wu2022,motif_cd8_high,0,1,shap,control,utag_mean__CD8,1,1.0,utag_mean__CD8,False,True,True,0.9134920634920636,0.9246031746031744,0.365079365079365,-0.0134920634920636,True
hnc_wu2022,motif_cd8_high,0,2,lasso,control,utag_mean__CD8;utag_mean__CD3e,2,1.0,utag_mean__CD8,False,True,True,0.9115479115479116,0.9090909090909092,0.2604422604422604,-0.004095004095004,True
hnc_wu2022,motif_cd8_high,0,2,shap,control,utag_mean__CD8,1,1.0,utag_mean__CD8,False,True,True,0.9115479115479116,0.9090909090909092,0.2604422604422604,-0.004095004095004,True
hnc_wu2022,motif_cd8_high,0,3,lasso,control,utag_mean__CD8,1,2.0,utag_std__CD8,False,True,True,0.9274537695590328,0.9352773826458036,0.3307254623044097,0.0106685633001422,True
hnc_wu2022,motif_cd8_high,0,3,shap,control,utag_mean__CD8,1,2.0,utag_std__CD8,False,True,True,0.9274537695590328,0.9352773826458036,0.3307254623044097,0.0106685633001422,True
hnc_wu2022,motif_cd8_high,0,4,lasso,control,utag_mean__CD8;utag_mean__CD3e,2,2.0,utag_std__CD8,False,True,True,0.9033579033579032,0.9164619164619164,0.3791973791973793,0.0540540540540541,True
hnc_wu2022,motif_cd8_high,0,4,shap,control,utag_mean__CD8;utag_mean__CD3e,2,2.0,utag_std__CD8,False,True,True,0.9033579033579032,0.9164619164619164,0.3791973791973793,0.0540540540540541,True
hnc_wu2022,motif_cd8_high,1,0,lasso,control,utag_mean__CD8,1,2.0,utag_std__CD8,False,True,True,0.9599358974358974,0.9583333333333334,0.3194444444444445,0.0507478632478632,True
hnc_wu2022,motif_cd8_high,1,0,shap,control,utag_mean__CD8;utag_mean__CD3e,2,2.0,utag_std__CD8,False,True,True,0.9599358974358974,0.9583333333333334,0.3194444444444445,0.0507478632478632,True
hnc_wu2022,motif_cd8_high,1,1,lasso,control,utag_mean__CD8,1,2.0,utag_std__CD8,False,True,True,0.9694581280788176,0.9714285714285716,0.4630541871921183,2.220446049250313e-16,True
hnc_wu2022,motif_cd8_high,1,1,shap,control,utag_mean__CD8,1,1.0,utag_mean__CD8,False,True,True,0.9694581280788176,0.9714285714285716,0.4630541871921183,2.220446049250313e-16,True
hnc_wu2022,motif_cd8_high,1,2,lasso,control,utag_mean__CD8,1,2.0,utag_std__CD8,False,True,True,0.8948137326515705,0.899926953981008,0.2804967129291453,0.0153396639883125,True
hnc_wu2022,motif_cd8_high,1,2,shap,control,utag_mean__CD8,1,2.0,utag_std__CD8,False,True,True,0.8948137326515705,0.899926953981008,0.2804967129291453,0.0153396639883125,True
hnc_wu2022,motif_cd8_high,1,3,lasso,control,utag_mean__CD8,1,2.0,utag_std__CD8,False,True,True,0.8993055555555556,0.9036458333333334,0.3342013888888889,0.0390625,True
hnc_wu2022,motif_cd8_high,1,3,shap,control,utag_mean__CD8,1,2.0,utag_std__CD8,False,True,True,0.8993055555555556,0.9036458333333334,0.3342013888888889,0.0390625,True
hnc_wu2022,motif_cd8_high,1,4,lasso,control,utag_mean__CD8,1,1.0,utag_mean__CD8,False,True,True,0.9174174174174174,0.9204204204204204,0.2297297297297297,0.0382882882882883,True
hnc_wu2022,motif_cd8_high,1,4,shap,control,utag_mean__CD8;utag_mean__CD3e,2,1.0,utag_mean__CD8,False,True,True,0.9174174174174174,0.9204204204204204,0.2297297297297297,0.0382882882882883,True
hnc_wu2022,motif_cd8_high,2,0,lasso,control,utag_mean__CD8,1,2.0,utag_std__CD8,False,True,True,0.9771959459459458,0.9847972972972971,0.4577702702702703,0.0076013513513514,True
hnc_wu2022,motif_cd8_high,2,0,shap,control,utag_mean__CD8;utag_mean__CD3e,2,1.0,utag_mean__CD8,False,True,True,0.9771959459459458,0.9847972972972971,0.4577702702702703,0.0076013513513514,True
hnc_wu2022,motif_cd8_high,2,1,lasso,control,utag_mean__CD8,1,2.0,utag_std__CD8,False,True,True,0.9000000000000001,0.9046875,0.3786458333333334,-0.0015624999999999,True
hnc_wu2022,motif_cd8_high,2,1,shap,control,utag_mean__CD8;utag_mean__CD3e,2,2.0,utag_std__CD8,False,True,True,0.9000000000000001,0.9046875,0.3786458333333334,-0.0015624999999999,True
hnc_wu2022,motif_cd8_high,2,2,lasso,control,utag_mean__CD8,1,1.0,utag_mean__CD8,False,True,True,0.9657407407407408,0.9657407407407408,0.4462962962962964,0.037037037037037,True
hnc_wu2022,motif_cd8_high,2,2,shap,control,utag_mean__CD8;utag_mean__CD3e,2,1.0,utag_mean__CD8,False,True,True,0.9657407407407408,0.9657407407407408,0.4462962962962964,0.037037037037037,True
hnc_wu2022,motif_cd8_high,2,3,lasso,control,utag_mean__CD8,1,1.0,utag_mean__CD8,False,True,True,0.9296515450361602,0.9362261669953976,0.3589743589743589,0.0571992110453648,True
hnc_wu2022,motif_cd8_high,2,3,shap,control,utag_mean__CD8,1,2.0,utag_std__CD8,False,True,True,0.9296515450361602,0.9362261669953976,0.3589743589743589,0.0571992110453648,True
hnc_wu2022,motif_cd8_high,2,4,lasso,control,utag_mean__CD8;utag_mean__CD3e,2,2.0,utag_std__CD8,False,True,True,0.9185823754789272,0.907088122605364,0.2413793103448276,0.0325670498084291,True
hnc_wu2022,motif_cd8_high,2,4,shap,control,utag_mean__CD8,1,2.0,utag_std__CD8,False,True,True,0.9185823754789272,0.907088122605364,0.2413793103448276,0.0325670498084291,True
hnc_wu2022,motif_immune_exclusion,0,0,lasso,spatial,,0,,utag_std__Vimentin,False,False,False,0.7701149425287357,0.7110016420361248,0.3399014778325123,0.0131362889983579,True
hnc_wu2022,motif_immune_exclusion,0,0,shap,spatial,,0,,utag_std__Vimentin,False,False,False,0.7701149425287357,0.7110016420361248,0.3399014778325123,0.0131362889983579,True
hnc_wu2022,motif_immune_exclusion,0,1,lasso,spatial,,0,,utag_std__CD8,False,False,False,0.78125,0.7916666666666666,0.2395833333333332,0.0854166666666665,True
hnc_wu2022,motif_immune_exclusion,0,1,shap,spatial,,0,,utag_std__CD8,False,False,False,0.78125,0.7916666666666666,0.2395833333333332,0.0854166666666665,True
hnc_wu2022,motif_immune_exclusion,0,2,lasso,spatial,,0,,utag_std__Vimentin,False,False,False,0.7407407407407408,0.675925925925926,0.1365740740740741,0.0185185185185186,True
hnc_wu2022,motif_immune_exclusion,0,2,shap,spatial,,0,,utag_std__Vimentin,False,False,False,0.7407407407407408,0.675925925925926,0.1365740740740741,0.0185185185185186,True
hnc_wu2022,motif_immune_exclusion,0,3,lasso,spatial,,0,,utag_std__Vimentin,False,False,False,0.778393351800554,0.7396121883656509,0.2548476454293628,0.0083102493074791,True
hnc_wu2022,motif_immune_exclusion,0,3,shap,spatial,,0,,utag_std__Vimentin,False,False,False,0.778393351800554,0.7396121883656509,0.2548476454293628,0.0083102493074791,True
hnc_wu2022,motif_immune_exclusion,0,4,lasso,spatial,,0,,utag_std__Vimentin,False,False,False,0.9190476190476192,0.880952380952381,0.2214285714285716,-0.0095238095238093,True
hnc_wu2022,motif_immune_exclusion,0,4,shap,spatial,,0,,utag_std__Vimentin,False,False,False,0.9190476190476192,0.880952380952381,0.2214285714285716,-0.0095238095238093,True
hnc_wu2022,motif_immune_exclusion,1,0,lasso,spatial,,0,,utag_std__Vimentin,False,False,False,0.8376623376623377,0.8030303030303031,0.3160173160173161,0.0043290043290044,True
hnc_wu2022,motif_immune_exclusion,1,0,shap,spatial,,0,,utag_std__CD163,False,False,False,0.8376623376623377,0.8030303030303031,0.3160173160173161,0.0043290043290044,True
hnc_wu2022,motif_immune_exclusion,1,1,lasso,spatial,,0,,utag_std__Vimentin,False,False,False,0.8695652173913043,0.8067632850241546,0.4009661835748792,0.0611916264090177,True
hnc_wu2022,motif_immune_exclusion,1,1,shap,spatial,,0,,utag_std__Vimentin,False,False,False,0.8695652173913043,0.8067632850241546,0.4009661835748792,0.0611916264090177,True
hnc_wu2022,motif_immune_exclusion,1,2,lasso,spatial,,0,,utag_std__Vimentin,False,False,False,0.8431372549019607,0.8202614379084967,0.3856209150326797,-0.0228758169934641,True
hnc_wu2022,motif_immune_exclusion,1,2,shap,spatial,,0,,utag_std__Vimentin,False,False,False,0.8431372549019607,0.8202614379084967,0.3856209150326797,-0.0228758169934641,True
hnc_wu2022,motif_immune_exclusion,1,3,lasso,spatial,,0,,utag_std__Vimentin,False,False,False,0.7440476190476191,0.6398809523809523,0.1964285714285714,-0.0238095238095238,True
hnc_wu2022,motif_immune_exclusion,1,3,shap,spatial,,0,,utag_std__Vimentin,False,False,False,0.7440476190476191,0.6398809523809523,0.1964285714285714,-0.0238095238095238,True
hnc_wu2022,motif_immune_exclusion,1,4,lasso,spatial,,0,,utag_mean__FoxP3,False,False,False,0.8061538461538461,0.8015384615384615,0.2384615384615385,0.0630769230769231,True
hnc_wu2022,motif_immune_exclusion,1,4,shap,spatial,,0,,utag_mean__Vimentin,False,False,False,0.8061538461538461,0.8015384615384615,0.2384615384615385,0.0630769230769231,True
hnc_wu2022,motif_immune_exclusion,2,0,lasso,spatial,,0,,utag_std__Vimentin,False,False,False,0.8070588235294117,0.7905882352941176,0.1341176470588234,0.0941176470588234,True
hnc_wu2022,motif_immune_exclusion,2,0,shap,spatial,,0,,utag_std__Vimentin,False,False,False,0.8070588235294117,0.7905882352941176,0.1341176470588234,0.0941176470588234,True
hnc_wu2022,motif_immune_exclusion,2,1,lasso,spatial,,0,,utag_std__Vimentin,False,False,False,0.8,0.7361111111111112,0.3166666666666667,0.0083333333333334,True
hnc_wu2022,motif_immune_exclusion,2,1,shap,spatial,,0,,utag_std__Vimentin,False,False,False,0.8,0.7361111111111112,0.3166666666666667,0.0083333333333334,True
hnc_wu2022,motif_immune_exclusion,2,2,lasso,spatial,,0,,utag_std__Vimentin,False,False,False,0.8863636363636364,0.8674242424242424,0.2821969696969697,-0.0075757575757575,True
hnc_wu2022,motif_immune_exclusion,2,2,shap,spatial,,0,,utag_std__Vimentin,False,False,False,0.8863636363636364,0.8674242424242424,0.2821969696969697,-0.0075757575757575,True
hnc_wu2022,motif_immune_exclusion,2,3,lasso,spatial,,0,,utag_std__Vimentin,False,False,False,0.8472222222222223,0.8293650793650793,0.4226190476190475,0.0178571428571429,True
hnc_wu2022,motif_immune_exclusion,2,3,shap,spatial,,0,,utag_std__Vimentin,False,False,False,0.8472222222222223,0.8293650793650793,0.4226190476190475,0.0178571428571429,True
hnc_wu2022,motif_immune_exclusion,2,4,lasso,spatial,,0,,utag_std__Vimentin,False,False,False,0.7996031746031745,0.7777777777777778,0.3472222222222222,0.0615079365079365,True
hnc_wu2022,motif_immune_exclusion,2,4,shap,spatial,,0,,utag_std__CD163,False,False,False,0.7996031746031745,0.7777777777777778,0.3472222222222222,0.0615079365079365,True
hnc_wu2022,motif_interface_immune,0,0,lasso,spatial,,0,,utag_std__Vimentin,False,False,False,0.7811764705882352,0.7152941176470589,0.2729411764705882,-0.0258823529411764,True
hnc_wu2022,motif_interface_immune,0,0,shap,spatial,,0,,utag_std__Vimentin,False,False,False,0.7811764705882352,0.7152941176470589,0.2729411764705882,-0.0258823529411764,True
hnc_wu2022,motif_interface_immune,0,1,lasso,spatial,,0,,utag_mean__CD45,False,False,False,0.7863636363636364,0.7136363636363636,0.1166666666666665,0.0803030303030303,True
hnc_wu2022,motif_interface_immune,0,1,shap,spatial,,0,,utag_mean__CD45,False,False,False,0.7863636363636364,0.7136363636363636,0.1166666666666665,0.0803030303030303,True
hnc_wu2022,motif_interface_immune,0,2,lasso,spatial,,0,,utag_std__Vimentin,False,False,False,0.8018575851393188,0.7275541795665634,0.198142414860681,0.0030959752321981,True
hnc_wu2022,motif_interface_immune,0,2,shap,spatial,,0,,utag_mean__PD1,False,False,False,0.8018575851393188,0.7275541795665634,0.198142414860681,0.0030959752321981,True
hnc_wu2022,motif_interface_immune,0,3,lasso,spatial,,0,,utag_std__Vimentin,False,False,False,0.7681159420289855,0.6763285024154589,0.1908212560386474,-0.0217391304347825,True
hnc_wu2022,motif_interface_immune,0,3,shap,spatial,,0,,utag_std__Vimentin,False,False,False,0.7681159420289855,0.6763285024154589,0.1908212560386474,-0.0217391304347825,True
hnc_wu2022,motif_interface_immune,0,4,lasso,spatial,,0,,utag_std__Vimentin,False,False,False,0.9366666666666666,0.8616666666666667,0.2899999999999999,0.0416666666666666,True
hnc_wu2022,motif_interface_immune,0,4,shap,spatial,,0,,utag_mean__CD45,False,False,False,0.9366666666666666,0.8616666666666667,0.2899999999999999,0.0416666666666666,True
hnc_wu2022,motif_interface_immune,1,0,lasso,spatial,,0,,utag_std__Vimentin,False,False,False,0.8095238095238095,0.7532467532467533,0.1904761904761905,0.0064935064935065,True
hnc_wu2022,motif_interface_immune,1,0,shap,spatial,,0,,utag_mean__CD45,False,False,False,0.8095238095238095,0.7532467532467533,0.1904761904761905,0.0064935064935065,True
hnc_wu2022,motif_interface_immune,1,1,lasso,spatial,,0,,utag_std__Vimentin,False,False,False,0.6774193548387096,0.6283870967741935,0.1045161290322579,0.0051612903225806,True
hnc_wu2022,motif_interface_immune,1,1,shap,spatial,,0,,utag_std__Vimentin,False,False,False,0.6774193548387096,0.6283870967741935,0.1045161290322579,0.0051612903225806,True
hnc_wu2022,motif_interface_immune,1,2,lasso,spatial,,0,,utag_mean__CD45,False,False,False,0.8571428571428572,0.8095238095238095,0.282051282051282,-0.0018315018315019,True
hnc_wu2022,motif_interface_immune,1,2,shap,spatial,,0,,utag_mean__CD45,False,False,False,0.8571428571428572,0.8095238095238095,0.282051282051282,-0.0018315018315019,True
hnc_wu2022,motif_interface_immune,1,3,lasso,spatial,,0,,utag_std__Vimentin,False,False,False,0.9090909090909092,0.8551136363636365,0.2244318181818183,0.0568181818181818,True
hnc_wu2022,motif_interface_immune,1,3,shap,spatial,,0,,utag_mean__CD45,False,False,False,0.9090909090909092,0.8551136363636365,0.2244318181818183,0.0568181818181818,True
hnc_wu2022,motif_interface_immune,1,4,lasso,spatial,,0,,utag_std__Vimentin,False,False,False,0.8063492063492064,0.707936507936508,0.2825396825396826,-0.0412698412698411,True
hnc_wu2022,motif_interface_immune,1,4,shap,spatial,,0,,utag_std__Vimentin,False,False,False,0.8063492063492064,0.707936507936508,0.2825396825396826,-0.0412698412698411,True
hnc_wu2022,motif_interface_immune,2,0,lasso,spatial,,0,,utag_std__Vimentin,False,False,False,0.7884615384615384,0.7846153846153846,0.1307692307692307,0.0346153846153847,True
hnc_wu2022,motif_interface_immune,2,0,shap,spatial,,0,,utag_std__Vimentin,False,False,False,0.7884615384615384,0.7846153846153846,0.1307692307692307,0.0346153846153847,True
hnc_wu2022,motif_interface_immune,2,1,lasso,spatial,,0,,utag_std__Vimentin,False,False,False,0.75,0.6770833333333333,0.0895833333333333,0.0520833333333332,True
hnc_wu2022,motif_interface_immune,2,1,shap,spatial,,0,,utag_std__Vimentin,False,False,False,0.75,0.6770833333333333,0.0895833333333333,0.0520833333333332,True
hnc_wu2022,motif_interface_immune,2,2,lasso,spatial,,0,,utag_std__Vimentin,False,False,False,0.7660455486542443,0.7308488612836439,0.0641821946169771,0.0351966873706004,True
hnc_wu2022,motif_interface_immune,2,2,shap,spatial,,0,,utag_std__Vimentin,False,False,False,0.7660455486542443,0.7308488612836439,0.0641821946169771,0.0351966873706004,True
hnc_wu2022,motif_interface_immune,2,3,lasso,spatial,,0,,utag_std__Vimentin,False,False,False,0.8576923076923078,0.8192307692307692,0.3076923076923077,0.0423076923076922,True
hnc_wu2022,motif_interface_immune,2,3,shap,spatial,,0,,utag_mean__CD45,False,False,False,0.8576923076923078,0.8192307692307692,0.3076923076923077,0.0423076923076922,True
hnc_wu2022,motif_interface_immune,2,4,lasso,spatial,,0,,utag_std__Vimentin,False,False,False,0.948849104859335,0.8823529411764706,0.4424552429667518,-0.040920716112532,True
hnc_wu2022,motif_interface_immune,2,4,shap,spatial,,0,,utag_mean__CD45,False,False,False,0.948849104859335,0.8823529411764706,0.4424552429667518,-0.040920716112532,True
hnc_wu2022,motif_tumor_high,0,0,lasso,control,utag_mean__PanCK,1,2.0,utag_mean__CD45,False,True,True,0.9770186335403728,0.977639751552795,0.2888198757763975,0.0316770186335403,True
hnc_wu2022,motif_tumor_high,0,0,shap,control,utag_mean__PanCK,1,2.0,utag_mean__CD45,False,True,True,0.9770186335403728,0.977639751552795,0.2888198757763975,0.0316770186335403,True
hnc_wu2022,motif_tumor_high,0,1,lasso,control,utag_mean__PanCK,1,2.0,utag_mean__CD45,False,True,True,0.8581081081081081,0.8601351351351352,0.0932432432432432,0.0006756756756757,True
hnc_wu2022,motif_tumor_high,0,1,shap,control,utag_mean__PanCK,1,3.0,utag_mean__CD45,False,True,True,0.8581081081081081,0.8601351351351352,0.0932432432432432,0.0006756756756757,True
hnc_wu2022,motif_tumor_high,0,2,lasso,control,utag_mean__PanCK,1,2.0,utag_mean__CD45,False,True,True,0.970961887477314,0.9818511796733213,0.5226860254083485,0.0127041742286752,True
hnc_wu2022,motif_tumor_high,0,2,shap,control,utag_mean__PanCK,1,2.0,utag_mean__CD45,False,True,True,0.970961887477314,0.9818511796733213,0.5226860254083485,0.0127041742286752,True
hnc_wu2022,motif_tumor_high,0,3,lasso,control,utag_mean__PanCK,1,4.0,utag_mean__CD45,False,True,True,0.9448529411764705,0.9329044117647058,0.1764705882352941,0.0358455882352939,True
hnc_wu2022,motif_tumor_high,0,3,shap,control,utag_mean__PanCK,1,4.0,utag_std__CD56,False,True,True,0.9448529411764705,0.9329044117647058,0.1764705882352941,0.0358455882352939,True
hnc_wu2022,motif_tumor_high,0,4,lasso,control,utag_mean__PanCK,1,3.0,utag_mean__CD45,False,True,True,0.9487179487179488,0.938034188034188,0.2834757834757835,0.059116809116809,True
hnc_wu2022,motif_tumor_high,0,4,shap,control,utag_mean__PanCK,1,1.0,utag_mean__PanCK,False,True,True,0.9487179487179488,0.938034188034188,0.2834757834757835,0.059116809116809,True
hnc_wu2022,motif_tumor_high,1,0,lasso,control,utag_mean__PanCK,1,1.0,utag_mean__PanCK,False,True,True,0.9187301587301586,0.9269841269841268,0.2755555555555555,0.0298412698412697,True
hnc_wu2022,motif_tumor_high,1,0,shap,control,utag_mean__PanCK,1,2.0,utag_mean__CD45,False,True,True,0.9187301587301586,0.9269841269841268,0.2755555555555555,0.0298412698412697,True
hnc_wu2022,motif_tumor_high,1,1,lasso,control,utag_mean__PanCK,1,3.0,utag_mean__CD45,False,True,True,0.912837837837838,0.9182432432432432,0.2243243243243243,0.056081081081081,True
hnc_wu2022,motif_tumor_high,1,1,shap,control,utag_mean__PanCK,1,3.0,utag_mean__CD45,False,True,True,0.912837837837838,0.9182432432432432,0.2243243243243243,0.056081081081081,True
hnc_wu2022,motif_tumor_high,1,2,lasso,control,utag_mean__PanCK,1,1.0,utag_mean__PanCK,False,True,True,0.9203463203463204,0.929004329004329,0.4303030303030303,0.1021645021645021,True
hnc_wu2022,motif_tumor_high,1,2,shap,control,utag_mean__PanCK,1,1.0,utag_mean__PanCK,False,True,True,0.9203463203463204,0.929004329004329,0.4303030303030303,0.1021645021645021,True
hnc_wu2022,motif_tumor_high,1,3,lasso,control,utag_mean__PanCK,1,2.0,utag_mean__CD45,False,True,True,0.9281045751633986,0.9052287581699344,0.1819172113289759,0.0337690631808278,True
hnc_wu2022,motif_tumor_high,1,3,shap,control,utag_mean__PanCK,1,1.0,utag_mean__PanCK,False,True,True,0.9281045751633986,0.9052287581699344,0.1819172113289759,0.0337690631808278,True
hnc_wu2022,motif_tumor_high,1,4,lasso,control,utag_mean__PanCK,1,5.0,utag_mean__CD45,False,True,True,0.9455909943714822,0.9324577861163228,0.2432770481550971,0.0218886804252659,True
hnc_wu2022,motif_tumor_high,1,4,shap,control,utag_mean__PanCK,1,5.0,utag_mean__CD45,False,True,True,0.9455909943714822,0.9324577861163228,0.2432770481550971,0.0218886804252659,True
hnc_wu2022,motif_tumor_high,2,0,lasso,control,utag_mean__PanCK,1,2.0,utag_mean__CD45,False,True,True,0.9013209013209011,0.9075369075369076,0.3038073038073038,0.1118881118881118,True
hnc_wu2022,motif_tumor_high,2,0,shap,control,utag_mean__PanCK,1,2.0,utag_mean__CD45,False,True,True,0.9013209013209011,0.9075369075369076,0.3038073038073038,0.1118881118881118,True
hnc_wu2022,motif_tumor_high,2,1,lasso,control,utag_mean__PanCK,1,2.0,utag_mean__CD45,False,True,True,0.9697933227344993,0.9705882352941176,0.2138314785373608,0.0953895071542131,True
hnc_wu2022,motif_tumor_high,2,1,shap,control,utag_mean__PanCK,1,2.0,utag_mean__CD45,False,True,True,0.9697933227344993,0.9705882352941176,0.2138314785373608,0.0953895071542131,True
hnc_wu2022,motif_tumor_high,2,2,lasso,control,,0,7.0,utag_mean__CD45,False,False,False,0.8687782805429864,0.868024132730015,0.1598793363499245,0.0331825037707389,True
hnc_wu2022,motif_tumor_high,2,2,shap,control,utag_mean__PanCK,1,5.0,utag_mean__CD163,False,True,True,0.8687782805429864,0.868024132730015,0.1598793363499245,0.0331825037707389,True
hnc_wu2022,motif_tumor_high,2,3,lasso,control,utag_mean__PanCK,1,3.0,utag_mean__CD45,False,True,True,0.979066985645933,0.9712918660287082,0.2494019138755981,0.0167464114832536,True
hnc_wu2022,motif_tumor_high,2,3,shap,control,utag_mean__PanCK,1,2.0,utag_mean__CD45,False,True,True,0.979066985645933,0.9712918660287082,0.2494019138755981,0.0167464114832536,True
hnc_wu2022,motif_tumor_high,2,4,lasso,control,utag_mean__PanCK,1,1.0,utag_mean__PanCK,False,True,True,0.9565972222222222,0.9539930555555556,0.2022569444444444,0.0581597222222222,True
hnc_wu2022,motif_tumor_high,2,4,shap,control,utag_mean__PanCK,1,3.0,utag_mean__CD45,False,True,True,0.9565972222222222,0.9539930555555556,0.2022569444444444,0.0581597222222222,True
hnc_wu2022,motif_tumor_stroma_mixing,0,0,lasso,spatial,,0,,utag_std__Vimentin,False,False,False,0.8351449275362318,0.8206521739130435,0.3260869565217391,0.0525362318840579,True
hnc_wu2022,motif_tumor_stroma_mixing,0,0,shap,spatial,,0,,utag_std__Vimentin,False,False,False,0.8351449275362318,0.8206521739130435,0.3260869565217391,0.0525362318840579,True
hnc_wu2022,motif_tumor_stroma_mixing,0,1,lasso,spatial,,0,,utag_std__Vimentin,False,False,False,0.8416666666666667,0.8783333333333333,0.3349999999999999,0.0616666666666666,True
hnc_wu2022,motif_tumor_stroma_mixing,0,1,shap,spatial,,0,,utag_std__Vimentin,False,False,False,0.8416666666666667,0.8783333333333333,0.3349999999999999,0.0616666666666666,True
hnc_wu2022,motif_tumor_stroma_mixing,0,2,lasso,spatial,,0,,utag_std__Vimentin,False,False,False,0.7070707070707071,0.7222222222222222,0.0202020202020202,-0.047979797979798,True
hnc_wu2022,motif_tumor_stroma_mixing,0,2,shap,spatial,,0,,utag_std__Vimentin,False,False,False,0.7070707070707071,0.7222222222222222,0.0202020202020202,-0.047979797979798,True
hnc_wu2022,motif_tumor_stroma_mixing,0,3,lasso,spatial,,0,,utag_std__Vimentin,False,False,False,0.8787878787878788,0.8459595959595959,0.4267676767676767,0.1843434343434342,True
hnc_wu2022,motif_tumor_stroma_mixing,0,3,shap,spatial,,0,,utag_std__Vimentin,False,False,False,0.8787878787878788,0.8459595959595959,0.4267676767676767,0.1843434343434342,True
hnc_wu2022,motif_tumor_stroma_mixing,0,4,lasso,spatial,,0,,utag_std__Vimentin,False,False,False,0.913312693498452,0.9195046439628484,0.3281733746130032,0.2755417956656347,True
hnc_wu2022,motif_tumor_stroma_mixing,0,4,shap,spatial,,0,,utag_std__Vimentin,False,False,False,0.913312693498452,0.9195046439628484,0.3281733746130032,0.2755417956656347,True
hnc_wu2022,motif_tumor_stroma_mixing,1,0,lasso,spatial,,0,,utag_std__Vimentin,False,False,False,0.8246153846153846,0.7938461538461539,0.24,0.043076923076923,True
hnc_wu2022,motif_tumor_stroma_mixing,1,0,shap,spatial,,0,,utag_std__Vimentin,False,False,False,0.8246153846153846,0.7938461538461539,0.24,0.043076923076923,True
hnc_wu2022,motif_tumor_stroma_mixing,1,1,lasso,spatial,,0,,utag_std__Vimentin,False,False,False,0.9365079365079364,0.9160997732426304,0.1723356009070294,0.1179138321995465,True
hnc_wu2022,motif_tumor_stroma_mixing,1,1,shap,spatial,,0,,utag_std__Vimentin,False,False,False,0.9365079365079364,0.9160997732426304,0.1723356009070294,0.1179138321995465,True
hnc_wu2022,motif_tumor_stroma_mixing,1,2,lasso,spatial,,0,,utag_std__Vimentin,False,False,False,0.7991452991452992,0.7756410256410257,0.2884615384615385,0.2521367521367522,True
hnc_wu2022,motif_tumor_stroma_mixing,1,2,shap,spatial,,0,,utag_std__Vimentin,False,False,False,0.7991452991452992,0.7756410256410257,0.2884615384615385,0.2521367521367522,True
hnc_wu2022,motif_tumor_stroma_mixing,1,3,lasso,spatial,,0,,utag_std__Vimentin,False,False,False,0.8216374269005848,0.7953216374269005,0.1052631578947367,-0.0672514619883041,True
hnc_wu2022,motif_tumor_stroma_mixing,1,3,shap,spatial,,0,,utag_std__Vimentin,False,False,False,0.8216374269005848,0.7953216374269005,0.1052631578947367,-0.0672514619883041,True
hnc_wu2022,motif_tumor_stroma_mixing,1,4,lasso,spatial,,0,,utag_std__Vimentin,False,False,False,0.7447368421052633,0.768421052631579,0.2763157894736843,0.0842105263157895,True
hnc_wu2022,motif_tumor_stroma_mixing,1,4,shap,spatial,,0,,utag_std__Vimentin,False,False,False,0.7447368421052633,0.768421052631579,0.2763157894736843,0.0842105263157895,True
hnc_wu2022,motif_tumor_stroma_mixing,2,0,lasso,spatial,,0,,utag_std__Vimentin,False,False,False,0.7859649122807018,0.831578947368421,0.2789473684210526,0.031578947368421,True
hnc_wu2022,motif_tumor_stroma_mixing,2,0,shap,spatial,,0,,utag_std__Vimentin,False,False,False,0.7859649122807018,0.831578947368421,0.2789473684210526,0.031578947368421,True
hnc_wu2022,motif_tumor_stroma_mixing,2,1,lasso,spatial,,0,,utag_std__Vimentin,False,False,False,0.8174603174603174,0.7857142857142857,0.3941798941798942,0.1878306878306878,True
hnc_wu2022,motif_tumor_stroma_mixing,2,1,shap,spatial,,0,,utag_std__Vimentin,False,False,False,0.8174603174603174,0.7857142857142857,0.3941798941798942,0.1878306878306878,True
hnc_wu2022,motif_tumor_stroma_mixing,2,2,lasso,spatial,,0,,utag_std__Vimentin,False,False,False,0.7719298245614035,0.7919799498746868,0.4411027568922306,-0.0100250626566416,True
hnc_wu2022,motif_tumor_stroma_mixing,2,2,shap,spatial,,0,,utag_std__Vimentin,False,False,False,0.7719298245614035,0.7919799498746868,0.4411027568922306,-0.0100250626566416,True
hnc_wu2022,motif_tumor_stroma_mixing,2,3,lasso,spatial,,0,,utag_std__Vimentin,False,False,False,0.9089026915113873,0.9047619047619048,0.4720496894409938,0.082815734989648,True
hnc_wu2022,motif_tumor_stroma_mixing,2,3,shap,spatial,,0,,utag_std__Vimentin,False,False,False,0.9089026915113873,0.9047619047619048,0.4720496894409938,0.082815734989648,True
hnc_wu2022,motif_tumor_stroma_mixing,2,4,lasso,spatial,,0,,utag_std__Vimentin,False,False,False,0.892156862745098,0.8921568627450981,0.3186274509803922,0.0710784313725489,True
hnc_wu2022,motif_tumor_stroma_mixing,2,4,shap,spatial,,0,,utag_std__Vimentin,False,False,False,0.892156862745098,0.8921568627450981,0.3186274509803922,0.0710784313725489,True
